program_title,unique_users,content_count,device_name,country_code,product_type
Robinson Ekspeditionen,3434,3515,ios,dk,svod
Paradise Hotel Sverige,3293,3419,ios,se,svod
PAW Patrol,2252,2873,atv,se,svod
Love Island Norge,2000,2080,pcdash,no,svod
The Fosters,1749,2053,ios,dk,svod
Peppa Pig,1654,3648,ios,dk,svod
Family Guy,1567,2399,pcdash,se,svod
Til Middag Hos,1432,1498,ios,dk,svod
Coco,1335,1338,ios,dk,svod
Lethal Weapon,1282,1451,pcdash,dk,svod
South Park,1280,1898,pcdash,se,svod
NCIS,1225,1475,ios,dk,svod
Barclays Premier League Football Live,1216,1223,ios,se,svod
The Walking Dead,1165,1332,ios,dk,svod
Scrubs,1113,1521,pcdash,se,svod
S.W.A.T.,1001,1082,pcdash,se,svod
The Thundermans,972,1248,ios,dk,svod
How I Met Your Mother,918,1341,pcdash,se,svod
Fireman Sam,864,1295,atv,se,svod
Ingen utan skuld,843,863,atv,se,svod
Seinfeld,832,1148,ios,se,svod
Blaze and the Monster Machines,766,895,atv,se,svod
American Dad,755,1271,pcdash,se,svod
Charterfeber,743,791,atv,no,svod
Forsidefruer,730,787,ios,dk,svod
Empire,721,801,pcdash,se,svod
Frasier,718,1060,ios,dk,svod
Vikings,705,776,pcdash,dk,svod
The Blacklist,689,778,ios,se,svod
KHL,652,657,androiddash,fi,svod
Victorious,644,824,ios,dk,svod
Bones,642,807,pcdash,dk,svod
Futurama,608,887,pcdash,se,svod
Dora the Explorer,598,727,ios,se,svod
SpongeBob SquarePants,595,757,ios,se,svod
Blindspot,584,652,ios,se,svod
iCarly,571,757,ios,dk,svod
Luksusfælden,528,598,ios,dk,svod
Nashville,524,613,ios,no,svod
Paradise Hotel Danmark,511,650,ios,dk,svod
Glee,484,561,pcdash,dk,svod
Familien fra Bryggen,483,571,ios,dk,svod
Henry Danger,479,576,ios,dk,svod
Will & Grace,478,706,ios,dk,svod
Hånd i hånd,455,462,ios,dk,svod
Big Time Rush,441,546,ios,dk,svod
NFL Live,429,433,ios,se,svod
Poketto Monsutā,425,530,ios,se,svod
The Good Doctor,414,465,ios,se,svod
Postman Pat: Special Delivery Service,383,477,chromecast,dk,svod
Superliga Live,371,374,ios,dk,svod
It's Always Sunny in Philadelphia,362,528,pcdash,se,svod
Outlander,357,396,ios,se,svod
NHL Live,335,335,pcdash,fi,svod
Unga Mammor,334,383,atv,se,svod
Svenska Hollywoodfruar,331,349,ios,se,svod
Teenage Mutant Ninja Turtles,326,397,ios,se,svod
NCIS: Los Angeles,325,376,ios,se,svod
"Nicky, Ricky, Dicky & Dawn",317,393,ios,se,svod
Ray Donovan,310,344,pcdash,se,svod
The X-Files,305,358,pcdash,dk,svod
Beyond,303,335,ios,se,svod
Quantico,299,345,chromecast,dk,svod
New Amsterdam,295,296,pcdash,dk,svod
Animal Kingdom,288,319,pcdash,se,svod
Hemliga beundrare,283,289,ios,se,svod
Gossip Girl,256,295,pcdash,dk,svod
Shimmer and Shine,253,294,ios,se,svod
The Penguins of Madagascar,248,311,ios,dk,svod
Bob's Burgers,246,382,pcdash,se,svod
The Haunted Hathaways,244,298,ios,se,svod
Prison Break,235,264,pcdash,dk,svod
Community,232,331,pcdash,se,svod
Sam & Cat,231,299,ios,dk,svod
Wind River,230,230,ios,se,svod
White Collar,227,281,pcdash,dk,svod
Billions,224,231,ios,se,svod
King of the Hill,223,350,pcdash,se,svod
Soy Luna,223,239,ios,dk,svod
The Amazing World of Gumball,220,291,ios,se,svod
Dora and Friends: Into the City!,215,262,ios,se,svod
Team Umizoomi,208,238,ios,se,svod
Tinker Bell,206,207,ios,se,svod
Jessie,205,241,ios,se,svod
Masha i Medved,205,314,atv,se,svod
Unikitty!,197,227,ios,se,svod
The Cleveland Show,195,295,pcdash,dk,svod
Bella and the Bulldogs,193,240,ios,se,svod
Only The Brave,192,192,pcdash,se,svod
The Good Wife,192,227,ios,se,svod
The Affair,191,214,ios,se,svod
Deadpool 2,191,193,pcdash,se,tvod
Paradise Hotel Norge,189,208,ios,se,svod
24,189,226,pcdash,se,svod
Love Island UK,188,219,pcdash,dk,svod
Sunny Bunnies,187,393,ios,se,svod
Lego City,184,316,atv,se,svod
Ben 10,178,227,ios,se,svod
The Brave,174,186,pcdash,se,svod
Black-ish,172,241,pcdash,se,svod
Last Man Standing,171,240,ios,no,svod
Borg,171,171,ios,se,svod
Fantasten,169,169,ios,dk,svod
Vår tid är nu,166,171,ios,se,svod
Lyxfällan,164,173,atv,se,svod
Liv and Maddie,157,193,ios,dk,svod
Care Bears: Welcome to Care-a-Lot,152,177,ios,se,svod
Unforgettable,151,175,ios,se,svod
Buffy the Vampire Slayer,149,183,ios,se,svod
Svartsjön,147,151,pcdash,se,svod
Adventure Time,147,197,ios,dk,svod
Last Man on Earth,146,204,pcdash,se,svod
Brickleberry,145,207,chromecast,dk,svod
Winx Club,145,178,ios,se,svod
The Incredibles,143,143,ios,dk,svod
Den utrolige historie om den kæmpestore pære,142,143,ios,dk,svod
Game Shakers,141,169,ios,se,svod
Angel,141,165,pcdash,dk,svod
Golf,141,142,ios,se,svod
Better Things,140,166,ios,se,svod
Bubble Guppies,140,173,ios,se,svod
The Snowman,140,141,atv,se,svod
The Big Bang Theory,138,140,ios,se,svod
School of Rock,138,175,ios,se,svod
Tinker Bell and the Lost Treasure,137,137,atv,se,svod
"Go, Diego! Go!",136,169,ios,se,svod
Luksusfellen,134,150,atv,no,svod
Formula 1 Live,134,136,ios,se,svod
The Royals,134,144,ios,se,svod
MLB live,134,136,pcdash,se,svod
The Night Shift,129,167,ios,dk,svod
MasterChef - Danmarks største madtalenter,126,150,pcdash,dk,svod
Darts Live,122,123,pcdash,dk,svod
The Loud House,121,140,ios,dk,svod
Hunter Street,119,147,ios,dk,svod
100 Things To Do Before High School,118,140,ios,dk,svod
We Bare Bears,118,146,ios,dk,svod
Ninjago: Masters of Spinjitzu,117,130,ios,se,svod
Barncancergalan - Det svenska humorpriset 2018,114,114,ios,se,svod
Cars 3,114,115,atv,se,svod
My Name Is Earl,112,165,ps4xdk,se,svod
Gone,111,123,atv,se,svod
Angry Birds Toons,110,252,androiddash,se,svod
TV3 Dokumentär,109,112,chromecast,se,svod
Børnelokkerne,108,113,ios,dk,svod
Tinker Bell and the Great Fairy Rescue,105,105,ios,se,svod
My Little Pony: Friendship is Magic,104,115,ios,se,svod
Lie to Me,103,127,chromecast,dk,svod
Valor,100,110,ios,se,svod
The Backyardigans,100,126,ios,se,svod
Tree Fu Tom,99,116,chromecast,dk,svod
Sofia the First,98,110,ios,se,svod
Adventures of Chuck & Friends,98,116,chromecast,se,svod
Ice Age: Dawn Of The Dinosaurs,96,96,ios,dk,svod
Jigsaw,95,95,ps4xdk,dk,svod
The Emoji Movie,95,95,ios,dk,svod
The Powerpuff Girls,93,132,ios,dk,svod
Hard Knocks,93,101,pcdash,se,svod
Rosewood,93,106,ios,se,svod
Despicable Me 3,92,92,ios,se,svod
Stronger,90,90,atv,dk,svod
Magnum P.I.,90,91,ios,se,svod
Ice Age,86,86,ios,dk,svod
Doc McStuffins,86,100,ios,se,svod
Sportmagasin golf,82,82,ios,se,svod
UFC Main event,82,82,pcdash,se,svod
Cops,82,82,ios,se,svod
Star Wars: The Last Jedi,82,82,pcdash,se,svod
Weeds,80,103,pcdash,se,svod
Thank You for Your Service,79,79,pcdash,dk,svod
Ultimate Spider-Man,79,95,ios,se,svod
Bilprovningen,79,80,ios,se,svod
Kevin Can Wait,77,113,pcdash,dk,svod
NFL Network,77,77,ios,se,svod
Thor: Ragnarok,77,77,androiddash,se,svod
Monky,77,77,atv,se,svod
Teen Titans Go!,76,83,ios,no,svod
"My Little Pony, The Movie",76,76,ios,se,svod
Prison Break Sequel,76,83,pcdash,dk,svod
The Best of Me,76,76,ios,se,svod
Toy Story,76,76,ios,se,svod
Sportmagasin football,75,75,pcdash,dk,svod
Angry Birds Blues,75,141,ps4xdk,se,svod
Little Charmers,72,79,ios,se,svod
"Smurfs, The Lost Village",71,71,ios,se,svod
Blade Runner 2049,70,70,ios,se,svod
Preacher,70,77,pcdash,se,svod
Spider-Man: Homecoming,69,69,ps4xdk,se,svod
Ice Age: The Meltdown,69,69,ios,se,svod
Timeless,69,79,pcdash,se,svod
American Woman,69,77,atv,se,svod
"Ultimate Fighter, The",69,72,atv,se,svod
The Arrangement,68,71,ios,se,svod
American Assassin,67,67,ios,se,svod
Pocahontas,67,67,ios,se,svod
National Treasure,66,66,pcdash,se,svod
National Treasure: Book of Secrets,66,66,atv,se,svod
The Tudors,66,73,ios,dk,svod
Unfabulous,66,72,ios,se,svod
The Simpsons,66,70,ios,se,svod
Mr. Robot,66,71,pcdash,se,svod
Om Nom Stories,65,124,ios,fi,svod
Absentia,65,73,ios,se,svod
Breaking News med Filip & Fredrik,65,65,ios,se,svod
Cam & Leon,64,125,atv,dk,svod
The Magicians,62,67,chromecast,se,svod
Underground,62,67,atv,se,svod
Efterlyst,61,63,atv,se,svod
The Fate of the Furious,61,61,pcdash,se,svod
Toy Story 2,60,60,atv,se,svod
Peppy Pals,60,82,androiddash,se,svod
Pawn Stars,57,57,ios,se,svod
Marvin Marvin,55,69,ios,se,svod
The Nut Job 2: Nutty By Nature,55,55,ios,se,svod
UFC 25 Greatest Fights,55,57,atv,se,svod
Piggy Tales,55,128,ios,se,svod
Cloudy With A Chance Of Meatballs,55,66,ios,dk,svod
Ice Age: Collision Course,54,54,ios,dk,svod
X Company,53,59,atv,se,svod
Haven,53,60,pcdash,se,svod
Bosch,53,60,chromecast,se,svod
Maria Wern,53,55,atv,se,svod
Masterchef - Danmarks Største Madtalenter,53,60,ios,dk,svod
Toy Story 3,53,54,ios,dk,svod
Ballerina,53,53,ios,se,svod
Girls Trip,53,54,ios,dk,svod
Kung Fu Panda: Legends of Awesomeness,53,67,ios,se,svod
Eventyrlig oppussing,51,53,atv,no,svod
Advokaten,51,54,ios,se,svod
Las Vegas Jailhouse,48,49,ios,se,svod
Speechless,48,70,pcdash,dk,svod
Mad Men,47,51,androiddash,se,svod
Pirates of the Caribbean: Dead Men Tell No Tales,47,47,pcdash,se,svod
Thunderbirds Are Go,47,55,ios,se,svod
Parneviks,46,52,ios,se,svod
Rapport,45,45,ios,se,svod
Atlanta,45,49,ios,no,svod
Serialized,44,44,atv,se,svod
Real Housewives of Beverly Hills,44,44,ios,se,svod
Independence Day: Resurgence,43,44,atv,se,svod
Star Wars Rebels,43,56,ios,dk,svod
Wild Card,42,42,ios,dk,svod
Hannah Montana: The Movie,42,42,ios,dk,svod
The Other Woman,42,42,ios,se,svod
X-Men Origins: Wolverine,42,42,ios,se,svod
Graceland,42,46,chromecast,se,svod
Målklubben,41,41,pcdash,se,svod
Scream Queens,41,45,pcdash,se,svod
Divaer i junglen,41,45,ios,dk,svod
Arne Dahl,41,43,androiddash,se,svod
Snow White and the Seven Dwarfs,40,40,ios,se,svod
Killer Elite,40,40,ios,dk,svod
Conviction,40,48,ios,dk,svod
Allsvenskan: Hammarby - IFK Göteborg,39,39,ios,se,svod
Aber Bergen,39,44,ios,no,svod
Premier League,38,38,ios,se,svod
Alex,38,43,pcdash,se,svod
Sex and the City,38,38,atv,se,svod
Hitman,38,38,atv,dk,svod
Boligkøb i Blinde,38,40,ios,dk,svod
Fast N' Loud,38,40,ios,se,svod
The Blacklist: Redemption,37,39,atv,dk,svod
Counterpart,37,39,ios,se,svod
Salem,37,39,ios,se,svod
Dr. Phil,36,37,ios,no,svod
Babar and the Adventures of Badou,36,43,ios,se,svod
Twilight,36,36,pcdash,se,svod
Enemy of the state,36,36,ios,se,svod
Clarence,35,47,ios,dk,svod
Before We Go,35,35,ios,dk,svod
Besat af Bad Boys,35,41,ios,dk,svod
Million Dollar Listing New York,35,35,ios,se,svod
X-Men: Apocalypse,35,35,pcdash,dk,svod
Ride,35,46,ios,dk,svod
Med Kniven for Struben,35,37,ios,dk,svod
Rig 45,35,36,atv,se,svod
Lokala nyheter,35,35,ios,se,svod
Dagens mand,35,40,ios,dk,svod
The Heroic Quest of the Valiant Prince Ivandoe,34,38,atv,se,svod
Okkupert,34,35,ios,se,svod
Passengers,33,33,pcdash,dk,svod
Penny Dreadful,32,33,chromecast,se,svod
Freaky Friday,32,32,androiddash,se,svod
Swedish Dicks,32,35,ios,se,svod
Shot Caller,31,31,ios,se,svod
Wayward Pines,31,36,pcdash,se,svod
StartUp,30,34,chromecast,se,svod
The Late Late Show with James Corden,30,31,pcdash,dk,svod
Avengers: Infinity War,29,29,pcdash,no,tvod
Mozart in the Jungle,29,38,pchls,se,svod
Deep,29,29,ios,dk,svod
Solo: A Star Wars Story,29,29,pcdash,fi,tvod
Lilo & Stitch,29,29,chromecast,dk,svod
Eliteserien: Tromsø - Brann,29,30,ios,no,svod
Ligue 2 live,29,29,ios,se,svod
Morgonstudion,29,29,ios,se,svod
Hassel,29,30,ios,se,svod
High School Musical 3: Senior Year,29,29,ios,dk,svod
American Made,29,29,ios,dk,svod
TV 2 30 år: Lykkehjulet,28,28,ios,dk,svod
X-Men,28,28,chromecast,se,svod
D2: The Mighty Ducks,28,28,ios,se,svod
Mountain Men,28,28,androiddash,se,svod
Gränsbevakarna Australien,28,28,ios,se,svod
11.22.63,28,29,pcdash,se,svod
Kulturnyheterna,28,28,ios,se,svod
Harvey Beaks,28,35,ios,se,svod
Ullared,28,28,ios,se,svod
Rock Dog,28,28,ios,dk,svod
The Dark Tower,27,27,ios,se,svod
Morgan,27,27,ios,dk,svod
The Twilight Saga: Breaking Dawn - Part 2,27,27,pcdash,se,svod
Mighty Magiswords,27,35,ios,se,svod
British League Speedway Live,27,27,atv,se,svod
Fresh Off the Boat,27,34,ios,se,svod
Are You the One? - Sverige,27,36,pcdash,se,svod
Danske Hollywoodfruer,27,27,ios,dk,svod
Marvel's Agent Carter,27,35,atv,se,svod
X-Men: First Class,27,27,samsung2017xdk,no,svod
Doodle's House,27,57,atv,se,svod
Eclipse,26,26,androiddash,dk,svod
Gekijouban Poketto monsutâ: Kimi ni kimeta!,26,26,ios,dk,svod
CSI Miami,26,26,ios,se,svod
Station 2: Politirapporten,26,26,ios,dk,svod
The Twilight Saga: New Moon,26,26,pcdash,se,svod
Predator,26,26,atv,dk,svod
Shots Fired,26,27,pcdash,dk,svod
Blind Dating,26,26,pcdash,dk,svod
Learn To Draw Minis,25,49,atv,dk,svod
Cage Warriors Live,25,25,pcdash,se,svod
The Aviator,25,26,chromecast,se,svod
OSL 24-7,25,30,ps4xdk,no,svod
"Nyhederne, Sporten og Vejret",25,25,ios,dk,svod
TV-avisen,25,26,ios,dk,svod
See Dad Run,25,30,ios,dk,svod
Star,25,28,pcdash,no,svod
Notorious,25,28,ios,dk,svod
Legion,25,27,ios,se,svod
Brooklyn Nine Nine,24,24,ios,se,svod
The Beguiled,24,24,pcdash,se,svod
Tunnelbanan,24,25,ios,se,svod
Two and a Half Men,24,24,ios,se,svod
Night at the Museum: Battle of the Smithsonian,24,24,pcdash,se,svod
Sportnytt,24,24,ios,se,svod
Johan Falk,24,24,chromecast,se,svod
Danmarks Modigste,23,23,ps4xdk,dk,svod
The Mechanic,23,23,ios,se,svod
Kniven mot strupen,23,28,ps4xdk,se,svod
Demain tout commence,23,23,ios,no,svod
Lego Chima,23,25,ios,no,svod
Arga snickaren,23,24,ios,se,svod
Vetenskapens värld,23,23,ios,se,svod
John Wick: Chapter Two,23,23,chromecast,fi,svod
Pocahontas II: Journey to a New World,23,23,ios,dk,svod
X2,23,23,pcdash,dk,svod
Stella Blómkvist,23,25,pcdash,se,svod
Nyhetene,23,26,ios,no,svod
Aktuellt,22,22,ios,se,svod
Flyboys,22,22,ios,se,svod
Testament of Youth,22,22,ios,dk,svod
La la Land,22,22,atv,se,svod
Snowfall,22,22,pcdash,se,svod
Klovn 2018,22,22,ios,dk,svod
The Glass Castle,22,22,pcdash,se,svod
Mayweather vs. McGregor,22,22,pcdash,se,svod
24: Live Another Day,22,26,pcdash,no,svod
Morran och Tobias - Som en skänk från ovan,21,21,ios,se,svod
Escape to the Country,21,21,ios,se,svod
Varg Veum,21,22,pcdash,se,svod
Amalies baby,21,23,ios,dk,svod
That '70s show,21,21,ios,se,svod
Mortdecai,21,21,ios,no,svod
Go' morgen Danmark,21,21,ios,dk,svod
Kærlighed i krise,21,23,chromecast,dk,svod
Nyhederne,20,20,ios,dk,svod
The Twilight Saga: Breaking Dawn - Part 1,20,20,pcdash,dk,svod
I heroinets spår,20,20,ios,se,svod
The Mummy,20,20,ios,se,svod
Det Store Eksperiment,20,20,ios,dk,svod
Kärlek och sex i Japan,20,20,ios,se,svod
Svindeljegerne,20,21,atv,no,svod
Go' aften Danmark,19,19,ios,dk,svod
Remember Me,19,19,pcdash,se,svod
Irene Huss,19,22,atv,se,svod
Tennis ATP Tour,19,19,pcdash,dk,svod
Regionale nyheder,19,19,ios,dk,svod
Redningskvinder,19,19,ios,dk,svod
X-Men: The Last Stand,19,19,ios,dk,svod
Black Widows,18,18,ios,se,svod
Pinocchio,18,18,chromecast,dk,svod
Conspiracy,18,19,atv,se,svod
Liberty,18,18,ios,se,svod
Frikjent,18,19,atv,no,svod
Paycheck,18,18,ios,dk,svod
you've been t@gged,18,22,pcdash,dk,svod
Sportsnyhetene,18,18,atv,no,svod
HåndboldMatchen: Nordsjælland-KIF Kolding (m),18,18,ios,dk,svod
LA to Vegas,18,21,atv,se,svod
Brooklyn Nine-Nine,18,18,ios,se,svod
Regionalprogram,18,18,ios,dk,svod
The Shannara Chronicles,18,18,pcdash,dk,svod
Camilla Läckberg - Fjällbackamorden,18,19,chromecast,se,svod
Fresh Beat Band of Spies,18,21,ios,se,svod
Da Vinci's Demons,18,21,ios,no,svod
Været,17,17,androiddash,no,svod
Det Stora Experimentet,17,18,ios,se,svod
Lego Marvel Super Heroes: Maximum Overload,17,17,ios,se,svod
Masterchef,17,17,atv,se,svod
Sameblod,17,17,ios,se,svod
NFL SE,17,17,ios,se,svod
Angry Birds Stella,17,25,ios,se,svod
Superliga,17,17,ios,dk,svod
Antiques Road Trip,17,17,ios,se,svod
Dræberne fra Nibe,17,17,pcdash,dk,svod
Blitz,17,17,ios,se,svod
Utøya 22. juli,17,17,ios,dk,tvod
Liza Marklund,17,17,ios,se,svod
Boligjakten,17,20,samsung2017xdk,no,svod
Football: Bundesliga Live,17,17,pcdash,fi,svod
Escape Plan,17,17,androiddash,dk,svod
Tennis WTA 2018 Beijing,17,17,androiddash,dk,svod
The Marine 5: Battleground,17,17,androiddash,dk,svod
Bonderøven - sæson 21,16,16,ios,dk,svod
Till det som är vackert,16,16,ios,se,svod
European Tour DK,16,16,ios,se,svod
Outsiders,16,18,samsung2014xdk,se,svod
Mit Plastikmareridt,16,17,atv,dk,svod
Viking Dead,16,16,pcdash,dk,svod
Bundesliga SE,16,16,ios,se,svod
Lilo & Stitch 2: Stitch Has a Glitch,16,16,ios,dk,svod
The Fairly OddParents,16,17,ios,se,svod
Step Up 2: The Streets,16,16,atv,dk,svod
Brottskod,16,16,ios,se,svod
Sunshine,16,16,pcdash,se,svod
Peter Pan,16,16,androiddash,se,svod
"Mune, le gardien de la lune",16,16,androiddash,se,svod
Life,15,15,atv,se,svod
D3: The Mighty Ducks,15,15,chromecast,se,svod
UFC Unleashed,15,16,atv,dk,svod
P.S. I Love You,15,15,ios,no,svod
The Mighty Ducks,15,15,chromecast,se,svod
Kingdom of Heaven,15,15,androiddash,se,svod
Complications,15,16,atv,se,svod
Sofias änglar,15,16,ios,se,svod
Transparent,15,16,chromecast,no,svod
Familjen Kardashian,15,15,ios,se,svod
E-sports,15,15,ios,fi,svod
Serena,15,15,pcdash,dk,svod
Football's Greatest,15,16,androiddash,se,svod
Modus,15,18,ios,se,svod
Child 44,15,15,chromecast,se,svod
Superoppusserne,15,17,ios,no,svod
Powers,15,19,androiddash,se,svod
Åsted Norge,14,14,ios,no,svod
The King of Queens,14,14,atv,no,svod
Formula 1 SE,14,14,ios,se,svod
Curious George,14,14,atv,se,svod
Nyhetssammanfattning,14,14,ios,se,svod
Dybvaaaaad,14,14,atv,dk,svod
Friends,14,14,ios,no,svod
Swan Princess: Royally Undercover,14,14,atv,se,svod
Ligue 1 Football Live,14,14,pcdash,se,svod
The Chronicles of Narnia: Prince Caspian,14,14,ios,dk,svod
Vekterne,14,19,pcdash,no,svod
150 Milligrams,14,14,ios,se,svod
Fotboll: Allsvenskan Fotbollsmåndag,14,14,ios,se,svod
Askeladden - I Dovregubbens hall,14,15,chromecast,dk,tvod
Brad's Status,14,14,pcdash,se,svod
Bulletproof Monk,14,14,ps4xdk,dk,svod
Grey's anatomy,14,14,ios,se,svod
Lailaland,14,15,pcdash,se,svod
EHF Men's Champions League Handball Live,13,14,ios,se,svod
NASCAR Live,13,13,pcdash,se,svod
Patriots Day,13,13,ios,no,svod
"Bastard Executioner, The",13,15,atv,se,svod
Hitler's World: The Post-War Plan,13,13,ios,se,svod
Superstore,13,13,ios,se,svod
24: Legacy,13,14,ios,se,svod
Formel 2 Live,13,14,androiddash,se,svod
God morgen Norge,13,16,pcdash,no,svod
The Expendables 3,13,13,ps4xdk,se,svod
Vänner,13,13,ios,se,svod
Beverly Hills 90210,13,13,ios,dk,svod
"Nyheder, sport, vejr",13,13,ios,dk,svod
The Shawshank Redemption,13,13,chromecast,se,svod
Politirazzia,13,16,samsung2014xdk,dk,svod
Then She Found Me,13,13,ios,se,svod
Ultra HD,13,13,pcdash,dk,svod
Botched,13,13,ios,se,svod
Far til fire - på Toppen,13,13,ios,dk,svod
Den Som Dræber,13,13,pcdash,dk,svod
Survivor,12,12,pcdash,se,svod
According to Jim,12,12,androiddash,se,svod
Krejlerkongen,12,12,ios,dk,svod
Unga mödrar,12,12,ios,se,svod
Familjen Thunderman,12,13,ios,se,svod
Min Hemlighet,12,17,chromecast,se,svod
Catastrophe,12,12,androiddash,se,svod
Modern family,12,12,ios,se,svod
Immortals,12,12,androiddash,se,svod
Tiger & morfar,12,12,ios,dk,svod
The Best Exotic Marigold Hotel,12,12,androiddash,se,svod
Min Fede Træner,12,13,ios,dk,svod
Myths & Monsters,12,12,pcdash,se,svod
Den Grimme ælling og mig,12,13,ios,dk,svod
Insurgent,12,12,pcdash,no,svod
Rekyl,12,13,atv,no,svod
Nemas problemas,12,12,ios,se,svod
Pawn stars,12,12,pcdash,se,svod
Masterchef Norge,12,14,pcdash,no,svod
The Killing of a Sacred Deer,12,12,pcdash,se,svod
Bandits,12,12,atv,se,svod
Norm of the North,12,12,androiddash,se,svod
Svenska dialektmysterier,12,12,ios,se,svod
Fem kvinnor,12,12,ios,se,svod
Unni Lindell,12,12,androiddash,se,svod
Aftenshowet,12,12,lg2016xdk,dk,svod
Power Rangers,12,12,androiddash,se,svod
The Karate Kid,11,11,pcdash,dk,svod
American Restoration,11,11,ios,se,svod
Murder Maps,11,12,atv,se,svod
Kyss mig,11,11,ios,dk,svod
Skyline,11,11,androiddash,no,svod
Sleepless,11,11,androiddash,dk,svod
The Hunger Games: Mockingjay - Part 1,11,11,pcdash,no,svod
2. Bundesliga live,11,11,pcdash,fi,svod
Beverly Hills Chihuahua,11,11,androiddash,fi,svod
Project Runway,11,11,ios,se,svod
Wahlgrens värld,11,11,ios,se,svod
Now You See Me,11,11,ios,dk,svod
Dagsrevyen,11,11,atv,no,svod
NCIS: New Orleans,11,11,ios,se,svod
Adam & Eva,11,11,ios,dk,svod
TMNT,11,11,ios,se,svod
Mellan raderna,11,11,ios,se,svod
Fifty Shades Freed - Extended Version,11,11,androiddash,dk,tvod
Banged Up Abroad,11,11,ios,se,svod
Elven,11,13,ios,se,svod
Bordertown,11,12,chromecast,dk,svod
Dinosaur,11,11,androiddash,se,svod
Rough Night,11,11,pcdash,se,svod
Endeavour,11,11,ios,dk,svod
Escape Plan 2: Hades,11,11,ps4xdk,dk,tvod
What Happened to Monday,11,11,pcdash,se,svod
Miller's Crossing,11,11,chromecast,no,svod
Lego DC Comics: Batman Be-leaguered,11,11,atv,se,svod
3 Things,11,11,pcdash,dk,svod
The Goldbergs,11,12,pcdash,fi,svod
UFC Top 10,10,10,atv,se,svod
Transporter 3,10,10,chromecast,fi,svod
It Comes at Night,10,10,ps4xdk,se,svod
Jakten på kjærligheten,10,10,ios,no,svod
Treasure Buddies,10,10,androiddash,dk,svod
The Big Sick,10,10,pcdash,se,svod
Oliver Twist,10,10,atv,dk,svod
Stitch! The Movie,10,10,atv,no,svod
Man on a Ledge,10,10,androiddash,dk,svod
Divergent,10,10,androiddash,dk,svod
Married...with Children,10,11,androiddash,se,svod
Bangkok Dangerous,10,10,samsung2017xdk,se,svod
The Medallion,10,10,atv,no,svod
MASTERCHEF DANMARK JUL,10,10,ps4xdk,dk,svod
Drinking Buddies,10,10,pcdash,se,svod
Skönhetsfällan,10,11,pcdash,se,svod
The 2016 Ryder Cup Official Film,10,10,pcdash,se,svod
CSI,10,10,ios,se,svod
The Pacifier,10,10,pcdash,se,svod
War,10,10,pcdash,se,svod
Ligue 1 SE,10,10,ios,se,svod
The Pirates! In an Adventure with Scientists!,10,10,androiddash,dk,svod
Wheeler Dealers,10,10,ios,se,svod
Everybody Loves Raymond,10,10,ios,se,svod
Latinamerikas farliga gränser,10,10,androiddash,se,svod
Baby Driver,10,10,pcdash,dk,svod
Border Security: Australia's Front Line,9,9,ios,dk,svod
Beverly Hills Chihuahua 2,9,9,atv,se,svod
Apocalypto,9,9,androiddash,se,svod
Dit efterårsvejr,9,9,atv,dk,svod
SOS västkust,9,9,ios,se,svod
102 Dalmatians,9,9,atv,se,svod
Personal Effects,9,9,ios,se,svod
Time Team,9,9,ios,se,svod
Moulin Rouge!,9,9,atv,se,svod
Horisont,9,9,ios,dk,svod
Frozen,9,9,lg2017xdk,dk,est
Son of Zorn,9,11,pcdash,fi,svod
Familien Nielsen,9,10,ios,dk,svod
Naked Attraction,9,9,ios,dk,svod
Världens Barn – uppdraget,9,9,ios,se,svod
Hannibal og Jerry,9,9,ios,dk,svod
We love the: 10's,9,9,androiddash,se,svod
Fråga doktorn,9,9,ios,se,svod
House Hunters International,9,9,ios,se,svod
NHL Global Series: SC Bern-New Jersey Devils,9,9,ios,se,svod
Aussie Gold Hunters,9,9,ios,se,svod
Making History,9,10,ios,se,svod
Stargate SG-1,9,9,ios,se,svod
Ex On The Beach Sverige,9,9,ios,se,svod
A Good Woman,9,9,androiddash,se,svod
Layer Cake,9,9,ios,dk,svod
Tempelriddernes skat,9,10,androiddash,dk,svod
Sunes familie,9,9,ios,dk,svod
Grand Designs Australien,9,9,ios,se,svod
Keeping Up Appearances,9,9,ios,dk,svod
Fireplace,9,9,androiddash,se,svod
Kill 'Em All,9,9,pcdash,se,svod
LEGO Elves,9,10,ios,fi,svod
Rescue Dawn,9,9,samsung2017xdk,se,svod
The Royal,8,8,ios,dk,svod
The Rebound,8,8,ios,dk,svod
Lingonligan,8,9,pchls,se,svod
Swing Vote,8,8,pcdash,no,svod
Upp i det blå,8,8,androiddash,se,svod
Hunting Nazi Treasure,8,8,pcdash,se,svod
Teen mom 2,8,8,ios,se,svod
Bunkd,8,8,ios,se,svod
Unlocked,8,8,pcdash,se,svod
Jamie's 30 Minute Meals,8,8,ios,se,svod
Limitless,8,8,androiddash,dk,svod
Lego Friends,8,8,atv,se,svod
Pappaliv,8,10,samsung2017xdk,se,svod
Et Ton Cash,8,14,pcdash,dk,svod
20th Century Women,8,8,ios,dk,svod
Paw patrol,8,8,ios,se,svod
Philip K. Dick's Electric Dreams,8,8,chromecast,se,svod
Tracers,8,8,ios,dk,svod
Landet runt,8,8,atv,se,svod
Planet Europe,8,8,atv,se,svod
Undercover Boss US,8,8,androiddash,se,svod
Hawaii Five-0,8,8,pcdash,dk,svod
Salvage Hunters,8,8,ios,se,svod
Fuglekrigen i Kanøfleskoven,8,8,ps4xdk,dk,svod
På insidan Kokainkrig,8,8,androiddash,se,svod
Catfish: The TV show,8,8,ios,se,svod
Danskebåten,8,8,ios,no,svod
90 Days to Wed,8,8,ios,se,svod
Desperate Housewives,8,8,pchls,dk,svod
Veni Vidi Vici,8,8,atv,se,svod
Det bästa av Haverikommissionen,8,9,ios,se,svod
Just Before I Go,8,8,androiddash,dk,svod
Dicte,8,10,androiddash,no,svod
"Grinder, The",8,11,ios,no,svod
Spørg Charlie,8,8,ios,dk,svod
Misfit Garage,8,8,ios,se,svod
Wilfred,8,10,ios,fi,svod
A Dogs Purpose,8,8,androiddash,no,svod
Red 2,8,8,pcdash,dk,svod
Morgennyhederne på NEWS,8,8,ios,dk,svod
Criminal Minds,8,8,ios,dk,svod
Grand Designs,8,9,ios,dk,svod
NFL Gameday Prime,8,8,ios,se,svod
Natholdet,8,8,ios,dk,svod
Restless,8,8,chromecast,se,svod
I djurens tjänst,8,10,chromecast,se,svod
Need For Speed,8,8,pcdash,no,svod
Rise of the Planet of the Apes,8,8,pcdash,se,svod
Det Store Eksperimentet,8,11,ios,no,svod
Project Nazi: The Blueprints of Evil,7,7,androiddash,dk,svod
Trainspotting 2,7,7,androiddash,dk,svod
Running Scared,7,7,ios,dk,svod
Road To Perdition,7,7,pcdash,se,svod
The Book of Henry,7,8,androiddash,dk,svod
Harry Potter and the Prisoner of Azkaban,7,7,ios,se,tvod
Gumballs Fantastiska Värld,7,7,ios,se,svod
Real housewives of New York,7,7,ios,se,svod
The Chronicles of Narnia: The Lion Witch and the Wardrobe,7,7,samsung2014xdk,dk,svod
Harry Potter and the Half Blood Prince,7,7,pcdash,dk,tvod
"Kys, knald og kærlighed",7,7,androiddash,dk,svod
Project Nazi,7,7,androiddash,se,svod
The Lord of the Rings: The Two Towers,7,7,samsung2017xdk,se,tvod
Lara Croft Tomb Raider: The Cradle of Life,7,7,androiddash,dk,svod
Kon-Tiki,7,7,atv,se,svod
Kids Do the Craziest Things,7,7,ios,se,svod
Kick-Ass,7,7,atv,se,svod
Svampebob Firkant,7,8,ios,se,svod
1. Division,7,7,ios,dk,svod
Mad Dogs,7,8,chromecast,se,svod
Masterchef Spesial,7,7,androiddash,no,svod
Maudie,7,7,androiddash,se,svod
Midsomer Murders,7,7,ios,se,svod
Indefra med Anders Agger 2018 - sæson 6,7,7,ios,dk,svod
Salt,7,7,pcdash,se,svod
Mirror Mirror,7,7,ios,dk,svod
Moana,7,7,androiddash,dk,est
Monster,7,7,atv,dk,svod
That '70s Show,7,7,ios,no,svod
The History of Comedy,7,7,pcdash,se,svod
Skolan,7,8,ps4xdk,se,svod
Hvem drepte Birgitte?,7,7,ios,no,svod
Teen Mom OG,7,7,ios,dk,svod
The Descendants,7,7,atv,se,svod
The Day The Earth Stood Still,7,7,pcdash,no,svod
Megastructures: Building Green Beijing,7,7,pcdash,se,svod
Tattoo Salonen,7,7,atv,dk,svod
Babylon Berlin,7,7,ios,no,svod
72 Dangerous Places to Live,7,7,androiddash,se,svod
Fifty Shades of Grey,7,7,androiddash,no,tvod
Andarnas makt Norge,7,7,ios,se,svod
Vampirina,7,7,ios,dk,svod
Die Fälscher,7,7,samsung2017xdk,se,svod
Get Out,7,7,pcdash,se,svod
We Bought a Zoo,7,7,ios,se,svod
Vägens hjältar,7,7,ios,se,svod
Allt för Sverige,7,7,ios,se,svod
Bundesliga 2,7,7,ios,se,svod
Bundesliga Season Preview,7,7,ios,dk,svod
Aftonbladet Morgon,7,7,ios,se,svod
Charlie's Angels,7,7,androiddash,dk,svod
Champions League Live,7,7,pcdash,se,svod
Wall Street,7,7,pcdash,dk,svod
Two Night Stand,7,7,pcdash,dk,svod
Carp Wars,7,7,ios,se,svod
Alexander,7,7,pcdash,se,svod
Beverly Hills Chihuahua 3: Viva La Fiesta!,7,7,androiddash,fi,svod
Fast Five,7,7,ios,se,svod
Football: Målklubben,7,7,ios,se,svod
UFC Live,7,7,pcdash,se,svod
Den Store Vægtkamp,7,8,pcdash,dk,svod
World's Deadliest Animals,7,7,ios,se,svod
Fishing Impossible,7,7,ios,se,svod
Days of Our Lives,7,7,androiddash,no,svod
Behind the Glass,7,7,ios,se,svod
World Grand Prix of Darts,7,7,ios,dk,svod
Top chef,6,6,ios,se,svod
Auction Hunters,6,7,lg2017xdk,dk,svod
"Palme, träsket och mordrättegångarna",6,6,atv,se,svod
PUBG: IEM Katowice 2018,6,6,ios,se,svod
Jersey Shore,6,6,ios,se,svod
Outback Truckers,6,6,androiddash,se,svod
Law & Order: Special Victims Unit,6,6,atv,dk,svod
Bandidas,6,6,ios,se,svod
Olympus Has Fallen,6,6,pcdash,se,svod
Obsessive Compulsive Cleaners,6,6,ios,se,svod
Resident Evil: The Final Chapter,6,6,androiddash,no,svod
Ax Men,6,6,androiddash,se,svod
Alt for Norge,6,6,ios,no,svod
Letters to Juliet,6,6,ios,se,svod
Ung & Bortskämd,6,6,ios,se,svod
Flyt eller Forny,6,6,samsung2016xdk,dk,svod
UFC Ultimate Knockouts,6,6,chromecast,fi,svod
Invasion Of The Giant Pythons: Florida With Nigel Marven,6,6,androiddash,se,svod
Kari-Anne på Røst,6,6,ios,no,svod
Skattejægerne 2012,6,6,ios,dk,svod
UFC Main Event,6,6,androiddash,se,svod
Nuoret äidit,6,6,pcdash,fi,svod
Karlssons,6,6,pcdash,se,svod
Filmen om Alexander,6,6,ios,se,svod
Forbidden History,6,6,ios,se,svod
Fotballmandag,6,6,pcdash,no,svod
Kidnapning,6,6,pcdash,dk,svod
I Could Never Be Your Woman,6,6,ios,se,svod
Before I Fall,6,6,atv,dk,svod
Selams stil,6,6,ios,se,svod
The Amazing Race,6,6,pcdash,se,svod
How I Live Now,6,6,chromecast,se,svod
Bleed for This,6,6,ios,se,svod
Blå Ögon,6,6,atv,se,svod
Kockakademin,6,7,pcdash,se,svod
Blålys,6,6,atv,no,svod
Fantastic Four: Rise of the Silver Surfer,6,6,samsung2017xdk,no,svod
Kongsvikklinikken,6,6,ios,no,svod
The Accidental Husband,6,6,atv,se,svod
Pascals Konditori,6,6,atv,no,svod
Call The Midwife,6,6,ios,se,svod
Keeping Mum,6,6,atv,no,svod
Vores vejr,6,6,ios,dk,svod
"Marche de l'empereur, La",6,6,ios,se,svod
Stepmom,6,6,chromecast,dk,svod
The Last Dragonslayer,6,6,ios,se,svod
A Place in the Sun: Summer Sun,6,6,ps4xdk,no,svod
Harry Potter and the Philospher's Stone,6,6,androiddash,no,tvod
The Hunger Games,6,6,ios,se,svod
Storage Hunters,6,6,ios,no,svod
Children of Men,6,6,ios,dk,svod
Sverige idag,6,6,ios,se,svod
101 Dalmatians,6,6,pcdash,se,svod
Cirkus Magaluf,6,7,pcdash,se,svod
Married,6,7,pcdash,se,svod
999: What's Your emergency,6,6,ios,dk,svod
Ghost Rider: Spirit of Vengeance,6,6,ios,dk,svod
Valpvänner,6,6,androiddash,se,svod
ALL ACCESS: Quest for the Stanley Cup,6,7,atv,se,svod
Superliga XL DK,6,6,ios,dk,svod
The Last Stand,6,6,lg2014xdk,se,svod
Mysteries at the Museum,6,6,androiddash,se,svod
Hele Norge baker,6,6,androiddash,no,svod
Minority Report,6,6,pcdash,dk,svod
Världens natur: Planet Earth 2,6,6,pcdash,se,svod
Norge nå,6,6,ios,no,svod
Aldrig Mere i Morgen,6,6,pcdash,dk,svod
Verden ifølge Trump,6,6,ios,dk,svod
Taggart,6,6,androiddash,dk,svod
Cheaper By The Dozen,6,6,pcdash,no,svod
Hellstrøms kjøkken,6,6,androiddash,no,svod
Acts of Vengeance,6,6,atv,dk,svod
Kenny,5,5,ios,dk,svod
Collide,5,5,pcdash,no,svod
Viasat Hockeys Vodcast,5,5,atv,se,svod
Keeping Up With the Kardashians,5,5,ios,dk,svod
The Wild,5,5,samsung2016xdk,dk,svod
Prince of Persia: The Sands of Time,5,5,ios,dk,svod
Kickin it,5,5,ios,se,svod
Det perfekta varvet,5,5,atv,se,svod
Ridiculousness,5,6,ios,se,svod
Moonlight,5,5,pcdash,dk,svod
Da jeg traff Jesus... med sprettert,5,5,ios,no,svod
Movie 43,5,5,androiddash,no,svod
Kadonnut: Joulupukki,5,5,androiddash,fi,svod
Real vikings,5,5,ios,se,svod
Venner,5,5,ios,dk,svod
Dear John,5,5,ios,dk,svod
DOTA 2: The International 2017,5,5,ios,se,svod
Pyjamashjältarna,5,5,androiddash,no,svod
Damien,5,5,androiddash,se,svod
DOTA2: The International 2018,5,5,ios,se,svod
Jake and The Never Land Pirates,5,6,ps4xdk,fi,svod
Fish My City With Mike Iaconelli,5,5,androiddash,se,svod
Deadpool,5,5,chromecast,se,tvod
Ready Player One,5,5,ios,dk,tvod
Flaskepost fra P,5,5,ps4xdk,dk,tvod
Deadliest Catch,5,5,ios,se,svod
Now That's Funny,5,5,androiddash,dk,svod
Poirot,5,5,ios,dk,svod
The Other Side of the Door,5,5,androiddash,se,svod
"La guerre des trônes, la véritable histoire de l'Europe",5,6,xboxonexdk,fi,svod
"Va' cool, Scooby Doo",5,5,ios,se,svod
FRI banker på,5,5,ios,dk,svod
PAUSE,5,5,ios,se,svod
Overdrive,5,5,samsung2016xdk,no,svod
The Social Network,5,5,ios,no,svod
NHL Preseason,5,5,ios,se,svod
Nak & Æd - sæson 9,5,5,atv,dk,svod
Dora the explorer,5,5,androiddash,se,svod
Road To The NHL Winter Classic presented by Honda,5,5,ios,se,svod
Engelska Antikrundan,5,5,ios,se,svod
Championship SE,5,5,ios,se,svod
Loving,5,5,atv,se,svod
Nicholas & Alexandra: Russia's Last Royals,5,5,ios,se,svod
Camp Kulinaris,5,5,samsung2016xdk,no,svod
The Great Mouse Detective,5,5,lg2017xdk,dk,svod
Chevaleresk - stilsäkert med Måns & Wiberg,5,6,pcdash,se,svod
Broken Flowers,5,5,chromecast,no,svod
Predator Pets,5,5,ios,se,svod
Fakiren fra Bilbao,5,5,androiddash,se,svod
Praktisk info med Jon Almaas,5,5,androidxdk,no,svod
Marvel's Spider-Man,5,5,ios,se,svod
Father Brown,5,5,samsung2015xdk,se,svod
Black Panther,5,5,pcdash,no,est
Volcanic Odysseys,5,5,ios,se,svod
Now You See Me 2,5,5,ios,dk,svod
Pirates of the Caribbean: Dead Man's Chest,5,5,pcdash,no,est
Distriktsnyheter,5,5,ios,no,svod
NASCAR SE,5,5,ios,se,svod
Fantastic Four,5,5,androiddash,se,svod
Krummerne 2 - Stakkels Krumme,5,5,ios,dk,svod
Brannstasjonen,5,8,androiddash,no,svod
The Thin Red Line,5,5,pcdash,no,svod
Familien fra Bryggen (HD),5,5,ios,dk,svod
NFL,5,5,ios,dk,svod
The Simpsons Movie,5,5,androiddash,se,svod
Treehouse Masters,5,5,ios,se,svod
Modern Family,5,5,pcdash,no,svod
Absolutely Fabulous: The Movie,5,5,lg2017xdk,se,svod
Idas Fristelser,5,6,ps4xdk,no,svod
Storage wars,5,5,androiddash,se,svod
UFC Countdown,5,5,ios,no,svod
Harley i mitten,5,5,ios,se,svod
Harry Potter and the Chamber of Secrets,5,5,androiddash,se,tvod
Harry Potter and the Deathly Hallows: Part 2,5,5,pcdash,se,tvod
Angels & Demons,5,5,androiddash,no,svod
Storage Wars,5,5,pcdash,dk,svod
Second Chance,5,6,ios,se,svod
I Spy,5,5,androiddash,se,svod
Harry Potter and the Order of the Phoenix,5,5,samsung2017xdk,se,tvod
Sekunder från katastrof,5,5,androiddash,se,svod
HITLER'S EAST PRUSSIA,5,5,pcdash,fi,svod
Afsløret – Hvor er min mentor?,5,5,ios,dk,svod
Agents of S.H.I.E.L.D.,5,5,androiddash,no,svod
Sin City Motors,5,5,androiddash,se,svod
Förväxlingen,5,5,ios,se,svod
Frisörer i världen,5,5,ios,se,svod
History of Weapons,5,5,ios,se,svod
"Alex, Inc.",5,5,ps4xdk,se,svod
Singleliv,5,5,ps4xdk,dk,svod
Solsidan,5,5,ios,no,tvod
Hotel Impossible,5,5,androiddash,se,svod
Hospitalet,5,5,androiddash,dk,svod
A Room with a View,5,5,androiddash,se,svod
Season of the Witch,5,5,androiddash,se,svod
"20,000 Leagues Under the Sea",5,5,ios,se,svod
Tangled,5,5,ios,no,est
24 Hours in Police Custody,5,5,ios,no,svod
Assault of Precinct 13,5,5,ps4xdk,se,svod
Gintberg på kanten,5,5,ios,dk,svod
Trio - Jakten på Olavsskrinet,5,6,androiddash,se,svod
Flyvende farmor,5,5,pcdash,dk,svod
16 & pregnant,5,5,ios,se,svod
Inspector Gadget,5,5,atv,se,svod
Råskap,5,6,lg2015xdk,no,svod
Thomas Bjørn - Ryder Cup kaptajn,5,5,ios,dk,svod
Livsfarlig fangst: Sig spesial,4,4,ios,no,svod
Edge of Darkness,4,4,atv,se,svod
Nyheder med business og vejr,4,4,androiddash,dk,svod
News,4,4,ios,se,svod
Monster Fish,4,4,ios,se,svod
Efter skandalen ...,4,4,ios,dk,svod
GP3 Live,4,4,atv,se,svod
Ted - För kärlekens skull,4,4,ios,se,tvod
Dybvaaaaad!,4,4,atv,dk,svod
The Rocketeer,4,4,androiddash,no,svod
The Haunted Mansion,4,4,androiddash,no,svod
Sportsnyhederne,4,4,ios,dk,svod
Alaska: The Last Frontier,4,4,ios,se,svod
The Greatest Showman,4,4,androiddash,fi,tvod
The Greatest Game Ever Played,4,4,atv,se,svod
Ungkaren,4,4,ios,no,svod
Memento,4,4,androiddash,se,svod
Du är vad du äter,4,5,ps4xdk,se,svod
Special Victims Unit,4,4,pcdash,no,svod
All of My Heart,4,4,ios,dk,svod
Bundesliga Live,4,4,ios,se,svod
Snurre! En Looney tunes-serie,4,4,ios,se,svod
Ex on the Beach,4,4,ios,dk,svod
Veterinærene,4,4,ios,no,svod
All Together Now - Danmark,4,4,ios,dk,svod
Europa: Från dinosaur till människa,4,4,androiddash,se,svod
Euromaalit,4,4,ps4xdk,fi,svod
Hockeyallsvenskan: BIK Karlskoga - Tingsryds AIF,4,4,ios,se,svod
Vets Revealed,4,4,ios,se,svod
"Hobbit, The: The Battle of the Five Armies",4,4,ios,se,tvod
Enchanted,4,4,androiddash,se,svod
Ali,4,4,ios,dk,svod
Hjælp - Mit hus skal sælges,4,4,pcdash,dk,svod
Hitman: Agent 47,4,4,androiddash,no,tvod
Golf: PGA TOUR Champions,4,4,ios,se,svod
CSI: Crime Scene Investigation,4,5,lg2016xdk,dk,svod
Elle,4,4,ios,se,svod
CSI: NY,4,4,ios,dk,svod
Duel of the 'Sons,4,4,ios,se,svod
Driven - Oklahoma State Cowboys,4,4,androiddash,se,svod
The Lion King,4,4,androiddash,se,est
Det kunne vært verre,4,4,ios,no,svod
Din sang,4,4,ios,dk,svod
Tempelriddernes Skat II,4,4,ios,dk,svod
Gone Camping,4,4,pcdash,se,svod
Mythbusters: The Search,4,4,ios,se,svod
The Hunt Alaska,4,4,ios,se,svod
Surprised by Love,4,4,pcdash,dk,svod
The Inca: Masters of the Clouds,4,4,ios,se,svod
Countdown to The Ryder Cup,4,4,atv,no,svod
Masterchef USA,4,4,ios,no,svod
3-meter,4,4,androiddash,dk,svod
Cold Case,4,4,ios,no,svod
Despicable Me,4,4,samsung2012xdk,se,est
"bedste mand, Den",4,4,ios,dk,svod
Der Bergdoktor,4,4,ios,dk,svod
Musse och racergänget,4,4,ios,se,svod
Den of Thieves,4,4,samsung2017xdk,se,tvod
The Nanny,4,4,ios,no,svod
"Murder, She Wrote",4,4,androiddash,se,svod
ATP World Tour 500 DK,4,4,ios,dk,svod
Människosläktets äventyr,4,4,androiddash,se,svod
Lundh,4,4,ios,se,svod
Min hemlighet,4,4,ios,se,svod
Agenda,4,4,ios,se,svod
Vildbassen,4,4,ios,dk,svod
Hellstrøm rydder opp,4,4,ios,no,svod
Graveyard Carz,4,4,ios,se,svod
The Pixar Story,4,4,ios,no,svod
NRK Nyheter,4,4,ios,no,svod
Steven Universe,4,5,samsung2012xdk,se,svod
Game shakers,4,4,ios,se,svod
Madam secretary,4,4,ios,se,svod
Harry Potter and the Deathly Hallows: Part 1,4,4,ios,se,tvod
Verden ifølge Trump 1 + 2,4,4,ios,dk,svod
Great Sporting Moments,4,4,androiddash,se,svod
The Hunger Games: Catching Fire,4,4,samsung2014xdk,se,svod
Top Chef Jr.,4,4,atv,no,svod
18 Nyhederne,4,4,androiddash,dk,svod
Så længe jeg lever,4,4,atv,dk,tvod
Chloe,4,4,androiddash,dk,svod
Manchester by the Sea,4,4,pcdash,no,svod
Outcast,4,4,androiddash,no,svod
Les aventures extraordinaires d'Adèle Blanc-Sec,4,4,ios,se,svod
Showbiz familier,4,4,atv,dk,svod
Fantastic Beasts and Where to Find Them,4,4,chromecast,no,tvod
Armi lever!,4,4,ios,se,svod
Fresh Prince i Bel Air,4,4,ios,se,svod
Junior Ryder Cup Highlights DK,4,4,ios,se,svod
The Zoo - Dublin,4,4,ios,se,svod
Railroad Alaska,4,4,ios,se,svod
Bloggerne,4,4,androiddash,no,svod
Shamwari Untamed,4,5,ios,se,svod
Blue Bloods,4,4,androiddash,dk,svod
Rampage,4,4,ps4xdk,dk,tvod
Blumhouse's Truth or Dare,4,4,samsung2015xdk,fi,tvod
The Zookeeper's Wife,4,4,pcdash,dk,svod
Titanic,4,4,ios,se,tvod
American Dad!,4,4,androiddash,dk,svod
Ramsay's Kitchen Nightmares USA,4,4,ios,no,svod
The Eagle,4,4,ios,dk,svod
Politiaktionen,4,4,ios,dk,svod
Push,4,4,ios,se,svod
Bizaardvark,4,4,ios,dk,svod
Premier League Review,4,4,ios,se,svod
Say yes to the dress: Bridesmaids,4,4,ios,se,svod
Bella and the bulldogs,4,4,ios,se,svod
"X-Files, The",4,4,androiddash,se,svod
Darling,4,4,ios,se,svod
Say Yes to the Dress,4,4,ios,dk,svod
Scorpion,4,4,ios,se,svod
Anger Management,4,4,androiddash,dk,svod
American pickers,4,4,androiddash,se,svod
The Wedding Date,4,4,chromecast,se,svod
The Country Bears,4,4,ios,dk,svod
Big Stan,4,4,pcdash,no,svod
Fifty Shades Darker,4,4,samsung2013xdk,dk,tvod
Senses Of Danger: How Animals Can Save The World,4,4,ios,se,svod
The Woodsmen,4,4,androiddash,se,svod
Titanics Ti Liv,4,4,androiddash,se,svod
Bergerac,4,4,androiddash,dk,svod
From Paris with Love,4,4,ios,se,svod
Family guy,4,4,ios,se,svod
RuPaul's Drag Race,4,4,ios,se,svod
Sinnasnekker'n,4,6,pcdash,no,svod
Brit Cops,4,4,androiddash,se,svod
Australia,4,4,samsung2017xdk,se,svod
The Story of Europe,4,5,lg2014xdk,se,svod
The Boondock Saints II: All Saints Day,4,4,androiddash,fi,svod
Welcome to Hell: The Chameleon,4,4,ios,se,svod
Familien Thunderman,4,4,ios,dk,svod
Avatar: Legenden om Aang,4,4,ios,se,svod
The Ellen DeGeneres Show,4,4,ios,no,svod
Tomb Raider,4,4,pcdashpr,no,tvod
Hunting Hitler,4,4,ios,se,svod
Basketball Live,4,4,androiddash,se,svod
Bournemouth - Crystal Palace,4,4,androiddash,no,svod
Breaking In,4,4,samsung2017xdk,no,tvod
World War I at Sea,4,4,androiddash,dk,svod
Ballistic: Ecks vs. Sever,4,4,androiddash,se,svod
The lost evidence,4,4,pcdash,se,svod
John Tucker Must Die,4,5,chromecast,se,svod
Robinson Ekspedisjonen,4,4,androiddash,no,svod
Flipping Out,4,4,ios,se,svod
Mord i paradis,3,3,ios,no,svod
Prom,3,3,pcdash,se,svod
Property Brothers,3,3,ios,se,svod
Banlieue 13,3,3,androiddash,no,svod
The Hurt Locker,3,3,ios,se,svod
Superswede,3,3,androiddash,se,svod
Dagens God morgen Norge,3,3,ios,no,svod
Belgian First Division A,3,3,ios,fi,svod
Supernanny Sverige,3,3,samsung2017xdk,se,svod
Revenge Body With Khloé Kardashian,3,3,androiddash,dk,svod
Taken,3,3,pcdash,se,tvod
Mountain men,3,3,androiddash,se,svod
Around the World in 80 Days,3,3,ios,dk,svod
TV3 Dokumentär: Miljonärsmordet,3,3,ios,se,svod
19 Nyhederne,3,3,ios,dk,svod
Curse of the Golden Flower,3,3,chromecast,dk,svod
Raven's Home,3,3,ios,dk,svod
Couple Thinkers,3,3,pcdash,se,svod
STCC:,3,3,samsung2017xdk,se,svod
Counting cars,3,3,androiddash,se,svod
Counting Cars,3,3,ios,dk,svod
ATP 500 Series,3,3,ios,dk,svod
Wild New Zealand,3,3,ios,dk,svod
Beautiful Creatures,3,3,ios,se,svod
Property Brothers at Home,3,3,ps4xdk,no,svod
Sveriges modigaste,3,3,xboxonexdk,se,svod
Rabbids: Invasion,3,3,atv,se,svod
Beck 35,3,3,ps4xdk,fi,tvod
Quest means business,3,3,pcdash,se,svod
SVT Valu: Så röstade svenskarna,3,3,androiddash,se,svod
Motorsport: Motocross VM,3,3,ios,dk,svod
Battle Creek,3,3,ps4xdk,se,svod
Sat Af,3,3,samsung2012xdk,dk,svod
Alle for Tre,3,3,ios,dk,svod
Wild Canada,3,3,pcdash,se,svod
Bertram & Co,3,3,samsung2012xdk,dk,svod
Abduction,3,3,androiddash,se,svod
Sporten,3,3,pcdash,dk,svod
Car S.O.S,3,3,ios,se,svod
The Edge of Love,3,3,ios,dk,svod
The Great British Bake Off,3,3,pcdash,dk,svod
The Edge of Seventeen,3,3,pcdash,se,svod
Alex and Emma,3,3,samsung2017xdk,se,svod
The Egtved Girl,3,3,androiddash,dk,svod
Närbild Dubais flygplats,3,3,pchls,se,svod
Of Oozies and Elephants,3,3,lg2016xdk,dk,svod
Texas Flip N Move,3,3,lg2016xdk,se,svod
British Open Official Film 2017,3,3,atv,no,svod
Skin,3,3,ios,se,svod
Babylon A.D.,3,3,samsung2017xdk,no,svod
Ok K.O.! Nu blir vi hjältar,3,3,ios,se,svod
The Forsyte Saga,3,3,ios,dk,svod
Yohan - Barnevandrer,3,3,ios,se,svod
Bygglov,3,5,ios,dk,svod
The Equalizer,3,3,androiddash,no,est
Water for Elephants,3,3,samsung2018xdk,se,svod
Onside,3,3,ios,dk,svod
Optakt til Superliga DK,3,3,androiddash,dk,svod
You Get Me,3,3,androiddash,se,svod
Allsvenskan: IF Elfsborg - BK Häcken,3,3,androiddash,se,svod
Buddenbrooks,3,4,androiddash,se,svod
Build A New Life In The Country,3,3,samsung2017xdk,dk,svod
Perfume: The Story of a Murderer,3,3,lg2016xdk,se,svod
Silver Hawk (  ),3,3,androiddash,se,svod
Car S.O.S.,3,3,ios,se,svod
State of Play,3,3,atv,se,tvod
Animal Fight Club,3,3,androiddash,se,svod
The Commuter,3,3,samsung2015xdk,se,est
NEWS & Co.,3,3,samsung2017xdk,dk,svod
Anaconda,3,3,androiddash,se,svod
Volvo Ocean Race,3,3,atv,se,svod
Ten Thousand Saints,3,3,ios,dk,svod
Snooker: European Masters,3,3,samsung2014xdk,no,svod
Cheers,3,3,ps4xdk,no,svod
Zafir,3,3,pchls,dk,svod
Seven Psychopaths,3,3,ios,fi,svod
Stay Cool,3,3,ios,se,svod
Sexy Business - Det frække Danmark,3,3,ios,dk,svod
Nobelpriset i medicin,3,3,philips2017xdk,se,svod
Blaze and the monster machines,3,3,ios,se,svod
Pitch Perfect 3,3,3,samsung2017xdk,dk,tvod
Nations League - Opsamling,3,3,ios,dk,svod
Nedgravde hemmeligheter,3,3,androidxdk,no,svod
Nella the princess knight,3,3,ios,se,svod
Zack and Quack,3,3,ps4xdk,se,svod
Never Let Me Go,3,3,ios,se,svod
Catfish: The TV Show,3,3,ps4xdk,dk,svod
Airport,3,3,androiddash,dk,svod
Världens tuffaste jobb med Adam Alsing,3,3,ios,se,svod
Sideways,3,3,pcdash,se,svod
Babel,3,3,ios,se,svod
The Joy,3,3,pcdash,se,svod
Harry Potter and the Goblet of Fire,3,3,androiddash,se,tvod
Helvedes Hus,3,3,ios,dk,svod
Looney tunes show,3,3,androiddash,se,svod
FIFA Football Show,3,3,androiddash,dk,svod
Lab rats,3,3,ios,dk,svod
Jumanji: Welcome to the Jungle,3,3,samsung2014xdk,se,tvod
The Premier League Show SE,3,3,ios,se,svod
For lækker til love,3,3,ios,dk,svod
Du Forsvinder,3,3,chromecast,dk,svod
In The Land Of Women,3,3,atv,no,svod
LIVE,3,3,ios,dk,svod
Lyckan kommer: En saga för vuxna barn,3,3,androiddash,se,svod
Hellstrøm Rydder Opp - Hjemme,3,3,ps4xdk,no,svod
Timber kings,3,3,chromecast,se,svod
Gud Taler Ud,3,3,xboxonexdk,fi,svod
Donal's Asian Baking Adventure,3,3,ios,no,svod
Just Friends,3,3,androiddash,dk,svod
Guardians of the Galaxy,3,3,androiddash,se,tvod
The Young Victoria,3,3,pchls,se,svod
Dog's Best Friend,3,4,atv,se,svod
Formula 2 SE,3,3,ios,se,svod
Man Up,3,3,ios,dk,svod
Man With a Plan,3,3,samsung2014xdk,se,svod
Historiens onda män,3,3,ios,se,svod
Fanboy & Chum Chum,3,5,androidxdk,fi,svod
Forušande‎,3,3,atv,se,svod
Maria Lang,3,3,lg2015xdk,se,svod
Helt i Skoven,3,4,chromecast,dk,svod
Lone Survivor,3,3,ps4xdk,dk,svod
Fotbollsmåndag,3,3,ios,se,svod
Extreme couponing,3,3,ios,se,svod
Jade Fever,3,3,ios,se,svod
Life of the Party,3,3,pcdash,se,tvod
Hampstead,3,3,ios,se,svod
Fjällbackamorden,3,3,ios,dk,svod
En Frygtelig Kvinde,3,3,pcdash,dk,tvod
Eragon,3,3,ios,dk,svod
Jay Leno's Garage,3,3,androiddash,se,svod
Europe squawk box,3,3,ios,se,svod
Herlige hjem,3,3,ios,no,svod
Eliteserien: Studio,3,3,pcdashpr,no,svod
Elementary,3,3,androiddash,no,svod
Unge foreldre,3,4,androiddash,no,svod
GP3 Series SE,3,3,ios,se,svod
Unge mødre,3,3,ios,no,svod
Invaders,3,3,androiddash,se,svod
Helvedes hus,3,3,chromecast,dk,svod
Liv og Maddie,3,3,ios,dk,svod
Han heter ikke William,3,3,samsung2017xdk,no,svod
Ex On the Beach - Norge,3,3,ios,dk,svod
"Location, Location, Location",3,3,ios,no,svod
Expedition Unknown,3,3,ios,se,svod
The Rocky Horror Picture Show: Let's Do the Time Warp Again,3,3,androidxdk,dk,svod
Hagen min,3,3,ios,dk,svod
Dukes of haggle,3,3,ios,se,svod
Inside: Makwan Amirkhani,3,3,androiddash,se,svod
Gary Neville's Soccerbox,3,3,atv,se,svod
Just tattoo of us,3,3,ios,se,svod
Kongerigets Kager,3,3,ios,dk,svod
Haverikommissionen,3,3,pcdash,se,svod
Midnight Sun,3,3,pcdash,dk,est
Haverikommisionen,3,3,androiddash,se,svod
Fast & Furious 7,3,3,ps4xdk,no,tvod
Truth About Charlie,3,3,ios,se,svod
Frontera,3,3,pcdash,no,svod
Trendsætterne,3,3,androiddash,dk,svod
Fifty Shades Freed,3,3,pcdash,no,tvod
Mini-Mupparna,3,3,ios,se,svod
The Lord of the Rings: The Return of the King,3,3,lg2015xdk,dk,tvod
Gold Rush: Parker's Trail,3,3,ios,se,svod
Tosh.0,3,3,ios,se,svod
Klubbhuset,3,3,atv,se,svod
Fången på främmande mark,3,3,ios,se,svod
Garasjen,3,3,androiddash,no,svod
Fifty Shades Darker (Extended version),3,3,androiddash,se,est
Den Bedste Mand,3,3,ios,se,svod
Gold Rush: Alaska,3,3,pcdash,dk,svod
How to be a Latin Lover,3,3,pcdash,se,svod
Tårtgeneralen,3,3,androiddash,se,tvod
Kan vi hjälpa till?,3,3,androiddash,se,svod
The Wolf of Wall Street,3,3,androiddash,fi,tvod
Dawn Of The Planet Of The Apes,3,3,pcdash,fi,tvod
Groundhog Day,3,3,pcdash,se,svod
Krejlerkongen 3 og 4,3,3,ios,dk,svod
Top Gear,3,3,androiddash,dk,svod
Home and Away,3,3,ios,no,svod
De unge mødre XXI,3,3,androiddash,dk,svod
Despicable Me 2,3,3,ps4xdk,no,est
Deadline,3,3,androiddash,dk,svod
"Hobbit, The: An Unexpected Journey",3,3,lg2017xdk,fi,tvod
Frusna vägar,3,3,xboxonexdk,se,svod
Mighty Ships,3,3,ps4xdk,se,svod
Freakish,3,5,ios,dk,svod
Masterchef - Norges Beste Hobbykokk,3,3,pcdash,no,svod
UEFA Europa League: Besiktas - Sarpsborg 08,3,3,ios,no,svod
Kender du typen? 2016/2017,3,3,ios,dk,svod
Fjorden Cowboys,2,2,ios,no,svod
Fiskedestination,2,2,ios,se,svod
Finding Dory,2,2,samsung2016xdk,no,est
Wicked tuna,2,2,androiddash,se,svod
Stanley Cup-final 2014: New York Rangers-Los Angeles Kings 4:7,2,2,ios,se,svod
Gangster No. 1,2,2,ps4xdk,se,svod
Ferdinand,2,2,pcdash,no,tvod
Baskets,2,2,samsung2017xdk,se,svod
Regular Show,2,2,ps4xdk,se,svod
Bizarre Foods with Andrew Zimmern,2,2,ios,se,svod
The Croods,2,2,ios,no,tvod
Jari Kurri,2,2,androiddash,fi,svod
Sportspegeln,2,2,androiddash,se,svod
Pompeii: Countdown To Disaster,2,2,ios,se,svod
Jag är Frankie,2,2,androiddash,se,svod
Big Hero 6,2,2,ios,se,est
Wild Instinct,2,2,androiddash,se,svod
Premier League Goals of the Season,2,2,androiddash,se,svod
Harsh Times,2,2,ps4xdk,se,svod
K.C. hemmelig agent,2,2,xboxonexdk,dk,svod
Pro Box Classic,2,3,atv,se,svod
Private Practice,2,2,androiddash,se,svod
The Little Mermaid,2,2,lg2014xdk,se,est
Being Serena,2,3,chromecast,dk,svod
GRIP: The Car Show,2,2,ios,se,svod
Juste la fin du monde,2,2,samsung2017xdk,se,svod
Resurrecting the Champ,2,2,samsung2016xdk,se,svod
Pyjamasheltene,2,2,androiddash,dk,svod
På innsiden med Reggie Yates,2,2,pchls,no,svod
The Bridge Part 2,2,2,ios,se,svod
Beck- Utan uppsåt,2,2,chromecast,fi,tvod
Pretty Woman,2,2,samsung2014xdk,no,tvod
Jurassic World,2,2,androiddash,no,tvod
Premier League i dag,2,2,ios,no,svod
Jurassic Park,2,2,ps4xdk,no,tvod
Against All Odds,2,2,androiddash,no,svod
Stil i sikte,2,2,samsung2016xdk,se,svod
Racing Stripes,2,2,samsung2017xdk,se,svod
The Conjuring 2,2,2,samsung2014xdk,se,tvod
The Boss Baby,2,2,ios,no,tvod
Jordens underverker,2,2,ios,no,svod
Rampereservatet,2,2,androiddash,se,svod
Kaffe att ta med,2,2,androiddash,se,svod
Johnny English,2,2,ps4xdk,no,tvod
Wild Kratts,2,2,androiddash,dk,svod
Wildest Europe,2,2,ios,se,svod
Zack & Miri Make A Porno,2,2,ios,se,svod
World of Esports,2,2,ios,se,svod
Jag saknar dig,2,2,androiddash,fi,svod
Tuntematon sotilas,2,2,ios,fi,tvod
Hvem tror du at du er?,2,2,ios,no,svod
Shark Vs Predator,2,2,ios,se,svod
American Ninja Warrior,2,2,ios,no,svod
UFC 200 Greatest Fighters of All Time,2,2,androiddash,se,svod
HåndboldMatchen: Studiet,2,2,ios,dk,svod
American Pickers,2,2,ios,se,svod
Håndboldmagasinet: Kontra,2,2,ios,dk,svod
Höjdpunkter,2,2,androiddash,se,svod
Højs hus,2,2,samsung2016xdk,dk,svod
Timmy tid,2,2,atv,no,svod
"I, Tonya",2,2,ps4xdk,se,tvod
UFC Connected,2,2,ps4xdk,se,svod
Ice Age: Continental Drift,2,2,ios,dk,tvod
Scottish Premiership live,2,2,pcdashpr,dk,svod
Forsvundet,2,2,ps4xdk,dk,svod
Annabelle,2,2,pcdash,no,tvod
School of rock,2,2,ios,se,svod
Shimmer and shine,2,2,ios,se,svod
Alvinnn!!! og gjengen,2,2,samsung2016xdk,se,svod
The B oy Inside: Trapped by Tourettes,2,2,ps4xdk,dk,svod
Alvin og de frække jordegern,2,2,ios,dk,svod
Top 20 Funniest,2,2,pcdash,dk,svod
Allsvenskan: Hammarby - Göteborg,2,2,ios,no,svod
Snekker Andersen og Julenissen,2,2,pchls,no,svod
Sofias Engle,2,2,ios,dk,svod
All Nighter,2,2,chromecast,se,svod
Smells like the 90s,2,2,pcdash,se,svod
Hotel Transylvania 2,2,2,androiddash,fi,est
"Sol, snart 6 år",2,2,atv,se,svod
Younger,2,2,ios,no,svod
How Hacks Work,2,2,ios,se,svod
Skadestuen 25,2,2,androiddash,dk,svod
Sjukhuset,2,2,atv,se,svod
How It's Made,2,2,androiddash,se,svod
Tjafs! Valspecial,2,2,ps4xdk,se,svod
Hvem bor her?,2,2,samsung2015xdk,no,svod
Sicario,2,2,androiddash,se,est
UEFA Champions League: Magasin,2,2,ios,no,svod
Ice Lake Rebels,2,2,ios,se,svod
Formel 1 Review of The Season,2,2,ps4xdk,no,svod
Balto,2,2,androiddash,dk,svod
Inside: Alexander Gustafsson,2,2,ps4xdk,se,svod
Kingsman: The Secret Service,2,2,pcdash,se,tvod
Fødeavdelingen Norge,2,2,samsung2017xdk,no,svod
RocketMan,2,2,ps4xdk,se,svod
Rock-a-Doodle,2,3,androiddash,no,svod
Inside: NHL Global Series,2,2,androiddash,se,svod
Robot Chicken -år 7,2,2,ps4xdk,dk,svod
Alaskan Bush People,2,2,ios,se,svod
Thomas Giertsen: Helt perfekt,2,2,pcdashpr,no,svod
Robins,2,2,ios,se,svod
Alarm 112 - På liv og død,2,2,androiddash,no,svod
Robin Hood,2,2,ps4xdk,se,est
Road to the Playoffs,2,2,pcdash,fi,svod
Road To The Super Bowl,2,2,ios,no,svod
Flipp eller flopp?,2,2,pchls,no,svod
Flickan Som Lekte med Elden,2,2,samsung2017xdk,se,tvod
The Blind Side,2,2,androiddash,se,svod
Flaskepost fra Stillehavet,2,2,androiddash,dk,svod
Auktionshuset (TV2),2,2,androiddash,dk,svod
Rum för dig,2,2,atv,se,svod
Idiotsitter,2,2,androiddash,se,svod
Inside Out,2,2,androiddash,fi,est
Saw,2,2,ps4xdk,se,tvod
The Bachelor Australia,2,2,ios,se,svod
Santa's Secret,2,2,pcdash,no,svod
Sanjay & Craig,2,3,ios,se,svod
Apple & Onion,2,2,ps4xdk,se,svod
Spooky Buddies,2,2,pcdash,se,svod
Impact,2,2,pcdash,dk,svod
For lækker til love (HD),2,2,pcdash,dk,svod
Football: Eredivisie Live,2,2,ios,se,svod
World sport,2,2,ios,se,svod
SM i V8 Thunder Cars,2,2,pcdash,se,svod
Askepop - The Movie,2,2,lg2013xdk,dk,svod
Assassin's Creed,2,2,samsung2016xdk,se,tvod
Inget av det ovannämnda,2,2,androiddash,se,svod
Tid for hjem,2,2,atv,no,svod
Au pair i Kanada,2,2,ios,se,svod
Runaways,2,2,xboxonexdk,fi,svod
The D Train,2,2,ios,se,svod
Ma ma,2,2,chromecast,no,tvod
Fast & Furious 6,2,2,ios,se,tvod
Teen mom UK,2,2,ios,se,svod
Lugn i stormen,2,2,ios,se,svod
The History of Italian Food: Delizia,2,2,lg2017xdk,dk,svod
Champions League Review of the Season,2,2,ios,no,svod
Guld på Godset – en hurtig handel,2,2,atv,dk,svod
Navy CIS,2,2,pchls,se,svod
Äventyrsdags,2,2,ios,se,svod
Sverige springer,2,2,ios,se,svod
Championship,2,2,androiddash,se,svod
Chasing Classic Cars,2,2,ios,se,svod
The Painted Veil,2,2,androiddash,dk,svod
VH1 shuffle,2,2,ios,se,svod
Guess the year,2,2,ios,se,svod
Vad grillar du på?,2,2,samsung2014xdk,se,svod
Svinesund-Handel I Grenseland,2,2,samsung2017xdk,no,svod
The Hundred Foot Journey,2,2,androiddash,se,svod
Åndenes makt,2,2,ios,no,svod
NFL NO,2,2,ios,no,svod
Doc Martin,2,2,ios,dk,svod
Love Locks,2,2,androiddash,dk,svod
Världens Bästa Burgare,2,2,pchls,se,svod
The Purge: Election Year,2,2,ps4xdk,se,est
News Night,2,2,atv,dk,svod
Lilla Aktuellt,2,2,pcdash,se,svod
Nowhere Boy,2,2,samsung2016xdk,no,svod
Captain America: Civil War,2,2,ps4xdk,se,est
The Shack,2,2,samsung2015xdk,se,svod
Eden is West,2,2,chromecast,dk,svod
Liv och Maddie,2,2,ios,se,svod
Blade and Soul: GamesCom 2017,2,2,ios,se,svod
Dybvaaaaad! – Reality Award Special,2,2,androiddash,dk,svod
Dybvaaaaad – Reality Awards Special 2.0,2,2,ps4xdk,dk,svod
Hala Gorani tonight,2,2,androiddash,se,svod
Surfarna,2,2,ps4xdk,se,svod
No program,2,2,ios,se,svod
A Perfect Getaway,2,2,pcdash,no,svod
Long Island Medium,2,2,ios,dk,svod
Transformers: Revenge of the Fallen,2,2,samsung2014xdk,se,tvod
Lords of Dogtown,2,2,samsung2017xdk,se,svod
Duellen,2,2,androiddash,se,svod
NFL Gameday Prime - Join Deion Primetime,2,2,ios,se,svod
Mamma Mia!,2,3,ios,no,tvod
Våran Scooby Doo,2,2,androiddash,se,svod
Dead Man Down,2,2,lg2015xdk,dk,svod
Gnome Alone,2,2,ps4xdk,no,tvod
Metrovagterne,2,2,xboxonexdk,dk,svod
The Kardashians,2,2,ps4xdk,no,svod
Deeyah Khan: I møte med fienden,2,2,samsung2017xdk,no,svod
Cyberwar,2,2,ios,dk,svod
Ødemarkens menn,2,2,androiddash,no,svod
Motorsport: Superbike VM,2,2,ios,dk,svod
Milo Murphys lag,2,2,ios,se,svod
DR2 Dagen,2,2,ios,dk,svod
Mammor,2,2,samsung2017xdk,se,svod
Min nabo er morder,2,2,ps4xdk,dk,svod
Dagsrevyen 21,2,2,ios,no,svod
100 saker att göra före High School,2,2,ios,se,svod
Monster Frog,2,2,ios,se,svod
Monster Carp,2,2,androiddash,se,svod
Dawson's Creek,2,2,ios,no,svod
Mom,2,2,ps4xdk,dk,svod
Mission: Impossible - Rogue Nation,2,2,ios,dk,svod
Mesterkokken,2,2,ios,no,svod
Greyzone,2,2,ios,no,svod
Den forbudte kærlighed,2,2,ps4xdk,dk,svod
Den jaevla naboen,2,2,pchls,no,svod
Djurparken,2,2,androiddash,se,svod
Djurakuten,2,2,ios,se,svod
Chris Tarrant's Extreme Railways,2,2,ios,dk,svod
Chronicle,2,2,pcdash,se,svod
Sweeney Todd: The Demon Barber of Fleet Street,2,2,pcdash,se,tvod
Trolljakten,2,2,androiddash,se,svod
"Mål, mål, mål DK",2,2,ios,dk,svod
Teen mom OG,2,2,androiddash,se,svod
Marvel's Agents of SHIELD,2,2,androiddash,se,svod
Diamantfamilien,2,2,chromecast,dk,svod
Gringo,2,2,androiddash,no,tvod
Varasto 2,2,2,samsung2016xdk,fi,tvod
Det sene show med Christian Fuhlendorff,2,3,pcdash,dk,svod
Vitello – er bagvendt,2,2,ps4xdk,dk,svod
Sæt pris på Danmark,2,2,ios,dk,svod
The Jacket,2,2,ios,se,svod
Teen Mom 2,2,2,androiddash,dk,svod
Nyhederne og Vejret,2,2,ios,dk,svod
Sofia den första,2,2,ios,dk,svod
Cadillac Records,2,2,ios,se,svod
Familjen Green i Storstan,2,2,ios,no,svod
Bonderøven - sæson 15,2,2,ios,dk,svod
Boomtowners,2,2,pcdash,dk,svod
Strokes of Genius,2,2,chromecast,se,svod
Krummerne,2,2,xboxonexdk,dk,svod
Krummerne 3 - Fars gode ide,2,2,pchls,no,svod
Kul med djur,2,2,ios,se,svod
What Went Down,2,2,androiddash,se,svod
Kung Fu Panda,2,2,androiddash,se,svod
Brille,2,2,ios,no,svod
La pazza gioia,2,2,samsung2014xdk,no,svod
Paterson,2,2,pcdash,se,svod
Patagonien,2,2,androiddash,se,svod
Elkjær Æresborger,2,2,lg2016xdk,dk,svod
Partytältet,2,2,lg2017xdk,se,svod
L'empereur,2,2,pchls,fi,svod
Britain's bloody crown: War of the roses,2,2,ios,se,svod
Fairly odd parents,2,3,samsung2016xdk,se,svod
LOL,2,2,pcdash,fi,tvod
Tempelriddernes skat III: Mysteriet om slangekronen,2,2,androiddash,dk,svod
The Devil Wears Prada,2,2,ios,no,tvod
Wicked Tuna,2,2,androiddash,se,svod
Harley i midten,2,2,ios,no,svod
Fasandræberne,2,2,ps4xdk,dk,tvod
Kiva Can Do!,2,2,pcdash,se,svod
The Traffickers,2,2,ios,dk,svod
The Damned United,2,2,chromecast,se,svod
Planet Sheen,2,2,ps4xdk,fi,svod
Bleeding Steel,2,2,pcdash,se,tvod
The Dark Knight Rises,2,2,ps4xdk,se,tvod
Blodets bånd,2,2,ps4xdk,dk,svod
Klassen – Spark mig!,2,2,androiddash,dk,svod
Pitch Perfect 2,2,2,chromecast,dk,tvod
Pitch Perfect,2,2,pcdash,se,tvod
Klovn,2,2,chromecast,no,svod
Fantastiske hammerslag,2,2,ios,dk,svod
Klædt af,2,2,androiddash,dk,svod
Pia & Jasmin,2,2,ps4xdk,no,svod
Ulvepigen Tinke,2,2,lg2018xdk,dk,svod
Top Wing,2,2,lg2015xdk,se,svod
Fairly Odd Parents,2,2,samsung2016xdk,se,svod
Kærester med landsholdet,2,2,ios,dk,svod
Wartime Crime,2,2,chromecast,fi,svod
Hammerslag 2016,2,2,ios,dk,svod
Operation Gold Rush,2,2,ios,dk,svod
Superettan: IFK Värnamo - Athletic FC Eskilstuna,2,2,ios,se,svod
Pantelånerne i Las Vegas,2,2,samsung2014xdk,no,svod
Zelly Go,2,3,ios,no,svod
Olsenbanden Jr. Sølvgruvens Hemmelighet,2,2,androiddash,no,svod
Bästa vänner när som helst,2,2,ios,se,svod
Ensam mamma söker,2,3,androiddash,se,svod
Lejonvakten,2,2,samsung2016xdk,se,svod
Oslo S,2,2,ios,no,svod
En gång i Phuket,2,2,ps4xdk,se,svod
En gamers guide till det allra mesta,2,2,ios,dk,svod
CS:GO: ESL One New York 2018,2,2,ps4xdk,se,svod
Hallam Foe,2,2,samsung2017xdk,se,svod
Närbild – Colombias flygplats,2,2,ios,se,svod
Lige i skabet,2,2,samsung2017xdk,dk,svod
CSI: Cyber,2,2,ios,dk,svod
Operation X,2,2,ios,dk,svod
The Final Girls,2,2,lg2015xdk,se,svod
Last Stop Garage,2,2,pcdash,se,svod
F1 Highlights,2,2,ios,se,svod
Pacific Rim: Uprising,2,2,androiddash,se,tvod
Underdog,2,2,ps4xdk,se,svod
Larvikjentene,2,2,ios,no,svod
F1-klassiker,2,2,androiddash,se,svod
Building Wild,2,2,ios,se,svod
Transformers: The Last Knight,1,1,chromecast,se,tvod
Trolls,1,1,lg2016xdk,se,est
Teenage Mutant Ninja Turtles: Out of the Shadows,1,1,ps4xdk,fi,tvod
Taxi 2,1,1,androiddash,no,tvod
Transformers: Age Of Extinction,1,1,chromecast,se,tvod
Tenderness,1,1,ps4xdk,no,tvod
Taxi 5,1,1,androiddash,dk,tvod
Tre Kronor - världsmästarna,1,1,pcdash,se,svod
Teach My Pet To Do That,1,1,ios,no,svod
Trolls Holiday,1,1,chromecast,dk,tvod
Zachrisson möter Stenson,1,1,atv,se,svod
Treasures of Ancient Greece,1,1,atv,dk,svod
Tre mand og en football,1,1,ps4xdk,dk,svod
Young Guns II,1,1,pcdash,se,tvod
Zootopia,1,1,samsung2013xdk,fi,est
Zambezia,1,1,ps4xdk,se,svod
Track & Field Weekly SE,1,1,ios,se,svod
Transformers: Dark of the Moon,1,1,samsung2015xdk,no,tvod
Terminator Genisys,1,1,androiddash,fi,tvod
Årets Feteste Fyr,1,2,ios,no,svod
Zorro,1,1,ios,dk,svod
Truck night in America,1,1,atv,se,svod
Åtta årstider,1,1,ios,se,svod
Yösyöttö,1,1,pcdash,fi,est
Trafikpoliserna,1,1,ios,se,svod
Zachrisson möter Jesper Parnevik,1,1,pcdashpr,se,svod
Tully,1,1,samsung2015xdk,dk,tvod
Tvins,1,1,ios,se,svod
Training Day,1,1,ios,se,tvod
Track & Field Weekly,1,3,ps3xdk,se,svod
The Little Rascals,1,1,ios,dk,svod
Top 10 trending videos,1,1,ios,se,svod
The Hangover Part III,1,1,androidxdk,fi,tvod
The Polar Express,1,1,lg2016xdk,se,tvod
Uutiset,1,1,ios,se,svod
Urix,1,1,ios,no,svod
The Hunchback of Notre Dame,1,1,ios,se,tvod
The Host,1,1,pcdash,fi,tvod
The Hitman's Bodyguard,1,1,pchls,no,tvod
The Princess and the Frog,1,1,samsung2015xdk,se,tvod
Vålerenga - Start,1,1,ios,no,svod
Vår mann i Teheran,1,1,ios,no,svod
The Happos family,1,1,ios,se,svod
The Guernsey Literary and Potato Peel Pie Society,1,1,chromecast,dk,tvod
Välkommen på visning,1,1,chromecast,se,svod
The Gronks,1,1,ios,se,svod
The Good Dinosaur,1,1,samsung2016xdk,se,est
WEG 2018: Daily Review,1,1,ios,se,svod
The Fox and the Hound,1,1,pcdash,no,tvod
Wall-E,1,1,samsung2017xdk,se,est
Wallykazam!,1,1,androiddash,no,svod
Underverden,1,1,chromecast,dk,tvod
War Junk,1,1,ios,dk,svod
The Fighter,1,1,ps4xdk,no,svod
The Fifth Estate,1,1,ps4xdk,no,svod
VIASAT Sports Årskrönika,1,1,chromecast,se,svod
The Hunchback of Notre Dame II,1,1,pcdash,no,est
You Were Never Really Here,1,1,chromecast,se,tvod
The Matrix,1,1,pchls,fi,tvod
The Lodge,1,1,ps4xdk,dk,svod
Viceroy's House,1,1,chromecast,dk,svod
The Longest Ride,1,1,samsung2014xdk,fi,tvod
The Lion King II: Simba's Pride,1,1,samsung2015xdk,se,est
The Lord of the Rings: The Fellowship of the Ring,1,1,ps4xdk,no,tvod
The Legend of Korra,1,1,atv,se,svod
Victoria,1,1,ios,no,svod
The Late Show with Stephen Colbert,1,1,atv,dk,svod
Vet On The Hill,1,1,ios,dk,svod
The Martian,1,1,chromecast,se,tvod
Vem?,1,1,pcdash,se,svod
Valentine's Day,1,1,ios,no,tvod
The Mothman Prophecies,1,1,chromecast,se,svod
The Next Step IV,1,1,ios,dk,svod
Vargblod,1,1,ios,se,svod
Vokterne,1,1,atv,no,svod
The Hurricane Heist,1,1,samsung2017xdk,se,tvod
The Orville,1,1,chromecast,se,svod
The Hunger Games: Mockingjay - Part 2,1,1,chromecast,se,est
The Pacemakers,1,1,samsung2017xdk,dk,svod
Valerian and the City of a Thousand Planets,1,1,ios,se,tvod
Vollgas Freitag,1,1,pcdash,dk,svod
Underholdningsnyhetene,1,1,pcdash,no,svod
The Star,1,1,samsung2014xdk,no,est
Ulvesommer,1,1,ios,dk,svod
Wunderland,1,1,ios,no,svod
Wonder,1,1,pcdash,no,tvod
The Bold and the Beautiful,1,1,lg2017xdk,no,svod
The long road home,1,1,androiddash,se,svod
This Beautiful Fantastic,1,1,ios,se,tvod
This Is Us,1,1,samsung2016xdk,se,svod
Thundermans,1,1,ios,se,svod
The Big Short,1,1,pcdash,no,tvod
The Big Lebowski,1,1,chromecast,se,tvod
The Ballad of Lefty Brown,1,1,samsung2015xdk,no,tvod
Wreck-It Ralph,1,1,samsung2015xdk,fi,est
Taxa,1,1,ios,dk,svod
The Terminal,1,1,lg2015xdk,no,tvod
X-Men: Days Of Future Past,1,1,androiddash,se,tvod
The Aftermath,1,1,ios,no,svod
Yacht Party,1,1,pcdash,dk,svod
Titanics ti liv,1,1,atv,no,svod
To Valhall - UFC,1,1,atv,se,svod
YesNoMaybe,1,1,pcdash,dk,svod
"Yo, min kompis är ett spöke",1,1,ios,se,svod
Toisen kanssa,1,1,androiddash,fi,svod
Tonight show starring Jimmy Fallon,1,1,ios,se,svod
UEFA Champions League Weekly SE,1,1,ios,se,svod
With this ring,1,1,ios,se,svod
Winchester,1,1,atv,dk,tvod
The listening post,1,1,androiddash,se,svod
The librarians,1,1,pcdash,se,svod
Whiskey Tango Foxtrot,1,1,ios,se,tvod
White Fang,1,1,atv,no,svod
White Fang 2: Myth of the White Wolf,1,1,samsung2016xdk,dk,svod
The Desert Sea,1,1,samsung2016xdk,se,svod
The Town,1,1,ios,se,svod
The Darwin Awards,1,1,pcdash,dk,svod
The Two Escobars,1,1,ios,se,svod
Ullared: Den neste salgssuksessen,1,1,xboxonexdk,no,svod
The Conjuring,1,1,samsung2012xdk,no,tvod
The Computer Wore Tennis Shoes,1,1,pcdash,se,svod
US squawk box,1,1,pcdash,se,svod
The Wine Show,1,1,androiddash,no,svod
The Witches,1,1,ps4xdk,no,tvod
The Wolfman,1,1,chromecast,se,tvod
US fast money half time report,1,1,ios,se,svod
The Brothers Grimm,1,1,pcdash,dk,svod
US closing bell,1,1,ios,se,svod
The Bourne Legacy,1,1,samsung2016xdk,fi,tvod
The briefing,1,1,ios,se,svod
The daily show,1,1,pcdash,se,svod
The fairly odd parents,1,1,ios,se,svod
Wild India: Land of Wonders,1,1,androiddash,se,svod
"""Yo, min venn er et spøkelse""",1,1,androiddash,no,svod
Tattoo Fixers,1,1,ios,se,svod
Friday the 13th,1,1,pcdash,fi,tvod
Et Par Konger,1,1,ios,dk,svod
Ettor & Nollor,1,1,androiddash,se,svod
Everest: The South West Face,1,1,ios,dk,svod
Evermoor legenderna,1,1,androiddash,se,svod
FEI World Equestrian Games 2018,1,1,ios,se,svod
FLW Outdoors Bass Fishing,1,1,pcdash,se,svod
Familien Bulder,1,1,atv,no,svod
Fantastiske fund – år 4,1,1,atv,dk,svod
Far til fire - tilbage til naturen,1,1,ios,dk,est
Feherty,1,1,pcdash,dk,svod
Ferrari Challenge,1,1,androidxdk,se,svod
Fight Night Classics,1,1,androiddash,dk,svod
Fightweek,1,1,androiddash,se,svod
Final Mission,1,1,samsung2017xdk,no,tvod
Fireflies in the Garden,1,1,androiddash,se,svod
Fireman Sam - Heroes of the storm,1,1,ios,se,tvod
First Reformed,1,1,androiddash,no,tvod
Flykten över sundet,1,1,ios,dk,svod
Fodbold: Superligaens 25 bedste,1,1,chromecast,dk,svod
Folkeopplysningen,1,1,ios,no,svod
Football's Greatest International Teams,1,1,androiddash,fi,svod
Forged in fire,1,1,androiddash,se,svod
Forrest Gump,1,1,pcdash,se,tvod
Forsvunnet,1,1,ios,no,svod
Fort Bliss,1,1,lg2017xdk,se,tvod
Erich Mielke - Meister der Angst,1,1,samsung2016xdk,dk,svod
En skam för Sverige 2,1,1,pcdash,se,svod
En dag i livet,1,1,pchls,no,svod
Don't Blame The Dog,1,1,ios,no,svod
Den Siste Revejakta,1,1,ios,se,svod
Descendants,1,1,ios,no,est
Descendants 2,1,1,lg2016xdk,se,est
Dessertmästarna,1,1,ios,se,svod
Det som göms i snö,1,1,samsung2017xdk,se,svod
Diabetesgalan,1,1,ios,dk,svod
Disney 11 (Once),1,1,ios,dk,svod
Disney Junior: Music nursery rhymes,1,1,ps4xdk,se,svod
Djungelgänget – till undsättning,1,1,ios,se,svod
Dog with a blog,1,1,pcdash,se,svod
Doktor Proktors Tidsbadekar,1,1,samsung2015xdk,no,tvod
Donna Hay - Basics to brilliance,1,1,ios,no,svod
Eliteserien: Fotballrunden,1,1,ios,no,svod
Downsizing,1,1,chromecast,se,tvod
Dr. No,1,1,ps4xdk,se,est
Drugs inc,1,1,ios,se,svod
Drömmen om ett landslag,1,1,androiddash,fi,svod
Drømmedesign,1,1,androiddash,no,svod
Ducktales,1,1,ios,dk,svod
Dyrene i hakkebakkeskogen,1,1,ios,no,est
Dyrenes planet,1,1,ios,dk,svod
Dödlig fångst,1,1,ios,se,svod
Ekte Menn,1,1,chromecast,no,svod
El laberinto del fauno,1,1,pcdash,dk,svod
Fra skrot til slot,1,1,ios,dk,svod
Friend Request,1,1,chromecast,dk,tvod
Death in Paradise,1,1,atv,se,svod
Frontier Vets,1,1,ios,no,svod
Heal the Living,1,1,ios,se,svod
"Heinähattu, Vilttitossu ja Rubensin veljekset",1,1,pcdash,fi,tvod
Herbie Fully Loaded,1,1,chromecast,se,tvod
Hidden Killers of the Tudor Homes,1,1,ps4xdk,dk,svod
High-Rise,1,1,lg2013xdk,dk,svod
History's Greatest Hoaxes,1,1,atv,se,svod
Hits don't lie!,1,1,atv,se,svod
Hoarders,1,1,ios,dk,svod
"Hobbit, The: The Desolation of Smaug",1,1,chromecast,se,tvod
Hodja fra Pjort,1,1,ios,dk,tvod
Holes,1,1,ios,dk,svod
Home Team: Florida Panthers,1,1,pcdash,fi,svod
Homestead Rescue,1,1,ios,dk,svod
Hope for Wildlife,1,1,pcdash,no,svod
Hot Shots!,1,1,ios,se,tvod
How Cities works,1,1,atv,dk,svod
How Do They Do It?,1,1,samsung2017xdk,dk,svod
How Earth Made Us,1,1,ios,dk,svod
Hundehvalpens hemmelige verden,1,1,androidxdk,dk,svod
Huset,1,1,pcdash,no,tvod
Husfikserne,1,1,ios,no,svod
Husjakt i Karibia,1,1,androiddash,no,svod
Hverdagens helte,1,1,ios,dk,svod
Händig Man Sökes,1,1,pcdash,se,svod
Håndball: Danmark - Norge,1,1,ios,no,svod
Hardtalk,1,1,ios,se,svod
Hannah Montana: The movie,1,1,ios,se,svod
Halvbroren,1,1,atv,no,svod
Ghostland,1,1,lg2017xdk,fi,tvod
Fråga Olle-dokumentären,1,1,ios,se,svod
Full fart i Verksta,1,1,samsung2015xdk,se,svod
Furiki Wheels,1,1,ios,se,svod
Future World,1,1,lg2016xdk,no,tvod
Fåret Shaun,1,1,ios,se,svod
Fönster mot medievärlden,1,1,androiddash,se,svod
GAIS - Helsingborgs IF,1,1,pcdash,se,svod
GSP: A Legend Returns,1,1,chromecast,se,svod
Game Night,1,1,chromecast,fi,tvod
Gauguin - Voyage de Tahiti,1,1,pchls,no,tvod
Geordie Shore,1,1,ios,dk,svod
Gjengen på taket,1,1,ios,no,svod
Gurli Gris,1,1,ios,dk,svod
Global with Matthew Amroliwala,1,1,ios,dk,svod
Gold rush,1,1,ios,se,svod
Good Morning Football,1,1,ios,se,svod
Goya's Ghosts,1,1,androiddash,dk,svod
Grand Piano,1,1,ios,no,svod
Grand Theft Parsons,1,1,atv,fi,svod
Gravity,1,1,ps4xdk,dk,tvod
Gris Geit Banan Siriss,1,1,samsung2016xdk,se,svod
Gudstjänst,1,1,pcdashpr,se,svod
Guidance,1,1,chromecast,se,svod
Guldjakt i Yukon,1,1,ios,se,svod
Den 12. mann,1,1,ps4xdk,no,est
De første kærester,1,1,androiddash,dk,svod
I am Frankie,1,1,ios,no,svod
Beirut,1,1,pcdash,no,tvod
Amanpour,1,1,androiddash,se,svod
American Sniper,1,1,pcdash,se,tvod
An Ideal Husband,1,1,ios,no,svod
Anderson Cooper 360,1,1,ios,se,svod
Andra världskriget: Havets helvete,1,1,ios,se,svod
Animal Cops Phoenix,1,1,androiddash,se,svod
Apocalypse Neanderthal,1,1,atv,se,svod
Apollo 18,1,1,pcdash,dk,tvod
Arena of Valor: GamesCom 2017,1,1,ios,se,svod
Armageddon,1,1,androiddash,no,est
Arme Riddere,1,1,pcdash,no,tvod
Asfaltenglene,1,1,lg2015xdk,no,svod
Autumn Dreams,1,1,samsung2017xdk,no,svod
BBC World news,1,1,pcdash,dk,svod
Backstage,1,1,atv,se,svod
Bamse och Tjuvstaden,1,1,samsung2015xdk,no,tvod
Banken som ble syndebukk,1,1,samsung2013xdk,no,svod
Bara björnar,1,1,ios,se,svod
Basic,1,1,pcdash,se,svod
Batman Begins,1,2,ios,no,tvod
Batman v Superman: Dawn of Justice,1,1,pcdash,dk,tvod
Battle Drone,1,1,ps4xdk,fi,tvod
Beauty and the Beast,1,1,androiddash,se,est
Beck - Det tysta skriket,1,1,lg2014xdk,fi,tvod
Beck - Lockpojken,1,1,ps4xdk,dk,tvod
Alvinnn!!! Och Gänget,1,1,ios,se,svod
Alvin & the Chipmunks: The Road Chip,1,1,chromecast,se,tvod
Alvin & the Chipmunks,1,1,ps4xdk,dk,est
A Star is Born,1,1,pcdash,no,svod
100 ting at nå inden high school,1,1,ios,dk,svod
100 ting å gjøre før high school,1,1,ios,no,svod
16-Nyhetene,1,1,ios,no,svod
17-Nyhetene,1,1,pcdash,no,svod
22 Nyhederne,1,1,ps4xdk,dk,svod
300,1,1,samsung2016xdk,se,est
5. Gear - sæson 2,1,1,androiddash,dk,svod
90 days to Wed,1,1,ios,no,svod
A Bad Moms Christmas,1,1,pcdash,no,tvod
A Cinderella Story: If the Shoe Fits,1,1,pcdash,se,tvod
A Puppy for Christmas,1,1,pcdash,dk,svod
A Year in Space,1,1,ios,dk,svod
Alva,1,1,atv,no,svod
Action Point,1,1,samsung2016xdk,dk,tvod
Agenda – teckenspråkstolkat,1,1,ios,se,svod
Airwolf,1,1,atv,no,svod
Aladdin and the King of Thieves,1,1,samsung2015xdk,se,est
Alex & Co,1,1,androiddash,no,svod
Alex and co,1,1,ios,se,svod
All Eyez on Me,1,1,chromecast,dk,est
All Inclusive,1,1,ios,se,tvod
Allsvenskan: Kalmar FF - IF Brommapojkarna,1,1,androiddash,se,svod
Allsvenskan: Örebro SK - Trelleborgs FF,1,1,ios,se,svod
Alone: Lost and found,1,1,ios,se,svod
Beck - Sista Vittnet,1,1,ps4xdk,se,tvod
Bilfikserne,1,1,atv,no,svod
De Fantastiske Fehoveder,1,1,atv,dk,svod
Bisarre retter,1,1,ios,no,svod
Cars 2,1,1,samsung2015xdk,no,tvod
Cast Away,1,1,samsung2017xdk,dk,tvod
Catch Me If You Can,1,1,pchls,dk,tvod
Catfish: Trolls,1,1,ios,se,svod
Champions League Highlights 17/18,1,1,ios,se,svod
Charlie and the Chocolate Factory,1,1,pcdash,no,tvod
Chelsea - Liverpool,1,1,ios,no,svod
Chicago Med,1,1,ios,dk,svod
Chicken Little,1,1,pcdash,no,est
Children Saved by the Nazis,1,1,samsung2017xdk,dk,svod
Chuggington,1,1,ps4xdk,dk,svod
Cirkusrevyen 2014,1,1,ios,dk,tvod
Claude,1,1,ios,dk,svod
Cold Water Cowboys,1,1,pcdash,dk,svod
Comedy AID 2015,1,1,ios,dk,svod
Countryside Emergency,1,1,pcdash,dk,svod
Creed,1,1,ios,no,tvod
Daddy's Home 2,1,1,samsung2017xdk,dk,tvod
Damsels In Distress,1,1,ps3xdk,se,svod
Dan Dream,1,1,chromecast,dk,svod
Dancer in the Dark,1,1,androidxdk,no,svod
Daniel Tigers kvarter,1,1,pcdash,se,svod
Danny Cunningham – Skolans Ninja,1,1,atv,se,svod
Darkest Hour,1,1,samsung2017xdk,se,est
Days that shaped America,1,1,ios,se,svod
Caribbean Life,1,1,ios,dk,svod
Campeonato Brasileiro Live,1,1,samsung2017xdk,dk,svod
Call Me By Your Name,1,1,samsung2017xdk,no,tvod
British Open Official Film 1977,1,1,atv,no,svod
Bitch,1,1,pcdash,no,tvod
Bolighjelpen - Vancouver,1,1,ios,no,svod
Bolt,1,1,samsung2013xdk,dk,est
Borat: Cultural Learnings of America..,1,1,ps3xdk,se,tvod
Bostadspolitiken efter valet,1,1,ios,se,svod
Brace for Impact,1,1,androiddash,dk,svod
Braceface,1,1,androiddash,dk,svod
Bridget Jones's Baby,1,1,samsung2014xdk,dk,tvod
Brillebjørn på Bondegården,1,1,pcdash,no,tvod
Brimstone,1,1,chromecast,no,tvod
Bring It On,1,1,lg2015xdk,se,svod
Brojects,1,1,atv,se,svod
CSI: Miami,1,1,ios,no,svod
Brother Bear,1,1,chromecast,se,est
Brødrene Dal og Vikingsverdets Forbannelse,1,1,ios,no,svod
Brøndby - fra mareridt til medaljer,1,1,samsung2017xdk,dk,svod
Brüno,1,1,atv,dk,svod
Business briefing,1,1,ios,dk,svod
Businessfellen,1,1,atv,no,svod
Bølgen,1,1,pcdash,no,tvod
CNN Newsroom (with World Sport),1,1,pcdash,se,svod
CNN newsroom,1,1,pchls,se,svod
CNN talk,1,1,ios,se,svod
CNN today (with world sport),1,1,ios,se,svod
"I Do, I Do, I Do",1,1,ios,dk,svod
Ice Age: The Great Egg-Scapade,1,1,pcdash,se,est
Tarzan,1,1,samsung2014xdk,se,est
Prop og Berta,1,1,pcdashpr,se,svod
Orphan,1,1,lg2017xdk,fi,tvod
Oslo brenner,1,1,ios,no,svod
Pappa på heltid,1,1,androiddash,se,svod
Paprika,1,1,chromecast,se,svod
Paradise Hotel,1,1,ios,dk,svod
Patrik Laineen maalit 2017-2018,1,1,lg2016xdk,fi,svod
Paul Hollywood's City Bakes,1,1,atv,dk,svod
Paw Patrol,1,1,samsung2017xdk,dk,svod
Pearl Harbor,1,1,lg2016xdk,se,tvod
Peter Rabbit,1,1,ios,dk,tvod
Petter Kanin,1,1,atv,no,svod
Phineas och Ferb,1,1,ios,se,svod
Phineas och Ferb: Uppdrag Marvel,1,1,ios,dk,svod
Photo Ark,1,1,samsung2017xdk,se,svod
Pippi Långstrump på de sju haven,1,1,samsung2014xdk,se,tvod
Planes,1,1,atv,no,est
Planes: Fire & Rescue,1,1,chromecast,se,est
Pluras kök - Istanbul,1,1,androidxdk,se,svod
Polo Proud: The Gay Polo League,1,1,atv,se,svod
Posh Pawn,1,1,samsung2016xdk,dk,svod
Premier League Launch Show,1,1,samsung2014xdk,se,svod
Premier League Review SE,1,1,ios,se,svod
Premier League Review of the Season,1,1,ios,se,svod
Presselogen,1,1,androiddash,dk,svod
Presumed,1,1,ios,dk,svod
Operation Iceberg,1,1,samsung2017xdk,se,svod
Onsides 20 års Jubilæum,1,1,ios,dk,svod
On Wings of Eagles,1,1,ios,fi,tvod
Norges styggeste rom,1,1,atv,no,svod
NHL All-Star All Access,1,1,pcdash,se,svod
Nattens NHL,1,1,lg2015xdk,se,svod
Nattpatruljen,1,1,ios,no,svod
Nazi Secret Files,1,1,atv,se,svod
Nellie,1,1,samsung2017xdk,se,svod
New Tricks,1,1,ios,dk,svod
Night videos,1,1,ios,se,svod
Niko - Lentäjän Poika,1,1,atv,fi,tvod
No Country For Old Men,1,1,androiddash,se,tvod
No Man's Land,1,1,ps4xdk,dk,svod
Nobody's Fool,1,1,atv,no,svod
Norske byggeklosser,1,1,samsung2015xdk,no,est
"Ole, Dole, Doffen på eventyr",1,1,ios,no,svod
Norske rednecks,1,1,ios,no,svod
Nothing but hits,1,1,androiddash,no,svod
Nothing but the 00s,1,1,androiddash,se,svod
Now That's History,1,1,ios,dk,svod
Nyheterna,1,1,androiddash,dk,svod
Nymphomaniac - Vol.1 & Vol.2,1,1,chromecast,dk,tvod
Nørgaards netfix,1,1,pcdash,dk,svod
Ocean's Twelve,1,1,pcdash,se,tvod
Oda omvendt,1,1,ios,dk,svod
Oddasat,1,1,atv,se,svod
Olaf's Frozen Adventure,1,1,androiddash,se,est
Prometheus,1,1,pcdash,no,est
Property Virgins,1,1,ios,no,svod
NFL GameDay Live,1,1,ios,se,svod
Pulp Fiction,1,1,ps4xdk,no,est
Sixteen Candles,1,1,pcdash,no,tvod
Slip Køterne Løs,1,1,chromecast,dk,svod
Små og store synder,1,1,ios,dk,svod
Snooker: China Championship,1,1,androiddash,dk,svod
Soundbreaking,1,1,ios,dk,svod
Spider-Man 3,1,1,pchls,no,est
Sporløst forsvunnet,1,1,ios,no,svod
Sporting Mavericks,1,1,samsung2017xdk,se,svod
Sportsmagasin,1,1,androiddash,no,svod
Star wars rebels,1,1,ios,se,svod
Stjerner på væggen,1,1,pcdash,dk,svod
Strapatser i Papua Nya Guinea,1,1,ios,se,svod
Støvsugerbanden,1,1,ios,dk,svod
Sunny Day,1,1,atv,se,svod
Sunny day,1,1,androiddash,no,svod
Sverige idag på meänkieli,1,1,androiddash,se,svod
Sverige!,1,1,ios,se,svod
Syrror II,1,1,samsung2017xdk,dk,svod
"Sæsonen, der gik: Liverpool",1,1,ios,dk,svod
"Sæsonen, der gik: Manchester United",1,1,androiddash,dk,svod
"Sæsonen, der gik: Premier League",1,1,ios,dk,svod
Søsken,1,1,ios,no,svod
Taken 2,1,1,chromecast,se,tvod
Talking business with Aaron Heslehurst,1,1,androiddash,se,svod
Tanked 7,1,1,ios,dk,svod
Sing,1,1,androiddash,no,tvod
Side Effects,1,1,samsung2014xdk,se,svod
Shimmer och Shine,1,1,ios,se,svod
Rock Of Ages,1,1,chromecast,se,tvod
På rymmen med Pippi Långstrump,1,1,pcdash,dk,tvod
R.I.P.D.,1,1,samsung2015xdk,fi,tvod
Race to Witch Mountain,1,1,pcdashpr,dk,svod
Rambo: First Blood Part II,1,1,ps4xdk,no,tvod
Red Sparrow,1,1,samsung2012xdk,se,tvod
Remember the Titans,1,1,pcdash,se,est
Ridderprinsessen Nella,1,1,pcdash,dk,svod
Rita og krokodille,1,1,atv,no,svod
Robin Hood – spilopper i Sherwood-skoven,1,1,atv,dk,svod
Robinson Crusoe,1,1,chromecast,no,tvod
Robot & Frank,1,1,atv,no,svod
Rocky Mountain Railroad,1,1,ios,dk,svod
Sex And The City,1,1,pcdash,se,tvod
Rosa fra Rouladegade III,1,1,samsung2017xdk,dk,svod
Run To Me,1,1,pcdash,dk,svod
Rush,1,1,samsung2016xdk,no,svod
S.O.S Svartskjaer,1,1,ios,no,svod
SAS Rogue Warriors,1,1,pcdash,dk,svod
Sagoträdet,1,1,xboxonexdk,se,svod
Saving Mr. Banks,1,1,chromecast,dk,tvod
Scent of a Woman,1,1,pcdash,no,tvod
Scooby-Doo And The Loch Ness Monster,1,1,lg2017xdk,se,tvod
Scooby-Doo! and the Gourmet Ghost,1,1,samsung2014xdk,se,tvod
Secrets of the Universe: Great Scientists,1,1,samsung2014xdk,fi,svod
NFL: New England Patriots - Miami Dolphins,1,1,ios,no,svod
NFL GameDay Highlights,1,1,ios,se,svod
Icehockey: San Jose-Pittsburgh 2016,1,1,atv,se,svod
"Looney, Looney, Looney Bugs Bunny Movie",1,1,ps4xdk,dk,tvod
Kat i forklædning,1,1,pcdashpr,dk,svod
Katten i hatten vet allt om ditten och datten,1,1,samsung2015xdk,se,svod
Kenny Begins,1,1,samsung2014xdk,se,tvod
Kid-e-Cats,1,2,pcdash,se,svod
Killing Machines,1,1,chromecast,se,svod
Kim Possible,1,1,androiddash,dk,svod
Kingsman: The Golden Circle,1,1,chromecast,dk,tvod
Kirurgiske katastrofer,1,1,ios,no,svod
Kitten Rescuers,1,1,ios,se,svod
"Klassen – Det forsvundne kærestebrev, del 1",1,1,samsung2015xdk,dk,svod
Kommissær Rex,1,1,androiddash,dk,svod
Krejlerkongen efterår 2017,1,1,androiddash,dk,svod
Kveldsnytt,1,1,atv,no,svod
Kärlek från början till slut,1,1,ios,se,svod
Købmænd på 1. klasse,1,3,chromecast,dk,svod
Landmand søger kærlighed 2018,1,1,ios,dk,svod
Lassemajas detektivbyrå-Skuggor över Valleby,1,1,androiddash,se,tvod
Lego DC Super Heroes: The Flash,1,1,pcdash,se,est
Lesekorpset,1,1,atv,no,svod
Let's Be Cops,1,1,ps4xdk,fi,tvod
Lille Nørd,1,1,ios,dk,svod
Lille Roy,1,1,ps4xdk,dk,svod
Lion,1,1,samsung2015xdk,se,tvod
Live and Let Die,1,1,pcdash,se,est
Liverpool: en speciel by og klub,1,2,androiddash,dk,svod
Karsten og Petra,1,1,ios,no,svod
Kakekrigen,1,1,samsung2017xdk,no,svod
K.C. hemlig agent,1,1,ios,se,svod
Irrational Man,1,1,androiddash,se,tvod
If I Stay,1,1,pcdash,dk,tvod
If Only,1,1,pcdash,no,svod
In the Name of the Father,1,1,pcdash,dk,tvod
In the name of Your Daughter,1,1,ios,dk,svod
Inside Heston's World,1,1,samsung2017xdk,dk,svod
Inte OK,1,1,lg2015xdk,se,svod
International desk (with World Sport),1,1,pcdash,se,svod
Intouchables,1,1,pcdash,se,tvod
Iron Man,1,1,androiddash,fi,est
Iron Man 2,1,1,pcdash,se,est
Iron Man 3,1,1,chromecast,se,est
It,1,1,samsung2014xdk,dk,tvod
Jägarna,1,1,lg2016xdk,se,tvod
Ja for Fanø!,1,1,ios,dk,svod
Jack Reacher: Never Go Back,1,1,chromecast,fi,tvod
Jersey Shore Family Vacation,1,1,samsung2016xdk,dk,svod
Jersild om Trump,1,1,ios,dk,svod
Joan of Arc: God's Warrior,1,1,pcdash,no,svod
John Carter,1,1,ps4xdk,fi,tvod
Jokerit Inside,1,1,androiddash,fi,svod
Jonathan Phang's Gourmet Trains,1,1,ios,no,svod
Junior Masterchef US,1,1,pchls,no,svod
Just Tattoo Of Us,1,1,pcdash,dk,svod
Justin Bieber - Believe,1,1,pcdash,no,tvod
Logan,1,1,pcdash,se,tvod
Los olvidados,1,1,samsung2016xdk,no,tvod
NFL Fantasy Live,1,1,pcdash,se,svod
Lotta 2 - Lotta flyttar hemifrån,1,1,ps4xdk,no,tvod
Mini MGP Rullinge-værkstedet,1,1,ios,dk,svod
Minions,1,1,ios,no,tvod
Miraculous: Ladybug & Cat Noir på äventyr,1,1,ios,se,svod
Miss Peregrine's Home for Peculiar Children,1,1,samsung2017xdk,se,tvod
Mit plastikmareridt,1,1,samsung2016xdk,dk,svod
Mobil 1 The Grid,1,1,chromecast,dk,svod
Monsterjægerne,1,1,ios,dk,svod
Mord uden grænser II,1,1,samsung2016xdk,dk,svod
More Than a Game,1,1,ios,fi,svod
"Morgengymnastikken: Tonet krop, løbeteknik og fridans",1,1,pcdash,dk,svod
Motocross: VM,1,1,ios,no,svod
Motorsport: Mobil 1 The Grid,1,1,androiddash,se,svod
Motorsport: Rally WRC,1,1,ios,dk,svod
Motorsport: WTCR,1,1,samsung2017xdk,dk,svod
Mourinho's Press Conference,1,1,pchls,se,svod
Mr. Bean,1,1,pchls,se,svod
Mr. Magorium's Wonder Emporium,1,1,pcdash,fi,svod
Mulan,1,1,pcdash,dk,est
Musses klubbhus,1,1,ios,se,svod
My Fab 40th,1,1,philips2017xdk,se,svod
My Nigeria,1,1,ios,se,svod
My little pony: Vänskap är magisk,1,1,ios,se,svod
Mysteriet om danskeren,1,2,ios,dk,svod
Mystic River,1,1,pcdash,se,tvod
Mysticons,1,1,samsung2016xdk,se,svod
Mini MGP 2017 – Værkstedet,1,1,samsung2017xdk,dk,svod
Min Fede Familie,1,1,androiddash,dk,svod
Milo Murphys lov,1,1,ios,no,svod
Mary Poppins,1,1,pcdash,dk,est
Love Actually,1,1,samsung2012xdk,no,est
Lukket Visning,1,1,pcdash,no,svod
M*A*S*H,1,1,pcdash,dk,svod
MTV Floribama Shore,1,1,ios,no,svod
MTV's party hits!,1,1,androiddash,se,svod
Mad Max bortom Thunderdome,1,1,ios,se,svod
Madagaskar Pingvinene,1,1,ios,se,svod
Malou efter tio,1,1,atv,dk,svod
Man of Steel,1,1,androiddash,se,tvod
Marketplace Africa,1,1,ios,se,svod
Married by Christmas,1,1,atv,dk,svod
Masha och björnen,1,1,ios,se,svod
Mike & Molly,1,1,samsung2016xdk,no,svod
Matrix Reloaded,1,1,pcdash,no,tvod
Maxat hela maskinen,1,1,samsung2015xdk,se,svod
Maze Runner: The Scorch Trials,1,1,ios,no,tvod
Med hjartet på rette staden,1,1,androiddash,no,svod
Meglerkampen,1,1,ios,no,svod
Men Of Honor,1,1,ios,no,svod
Mesternes mester,1,1,lg2018xdk,no,svod
Mickey Og Racerholdet,1,1,lg2016xdk,dk,svod
Middle east looks east,1,1,ios,se,svod
Mielensäpahoittaja,1,1,androiddash,fi,tvod
Mighty planes,1,1,ios,se,svod
Økonominyhetene,1,1,lg2015xdk,no,svod
